V,0,1543664616002053,1000000000,20:47:44:36.960,0
A,0,1543664616002053,1000000000,20:47:44:36.960,0
D,0,1543664616002052,1000000000,20:47:44:36.960,0
V,1,1543664632680733,1000000000,20:47:44:37.960,0
V,2,1543664649339415,1000000000,20:47:44:38.960,0
D,1,1543664649339415,1000000000,20:47:44:38.960,0
V,3,1543664666006779,1000000000,20:47:44:39.960,0
V,4,1543664682667585,1000000000,20:47:44:40.960,0
D,2,1543664682667585,1000000000,20:47:44:40.960,0
V,5,1543664699338974,1000000000,20:47:44:41.960,0
V,6,1543664716019740,1000000000,20:47:44:42.961,0
D,3,1543664716019740,1000000000,20:47:44:42.961,0
V,7,1543664732687103,1000000000,20:47:44:43.961,0
V,8,1543664749349577,1000000000,20:47:44:44.960,0
D,4,1543664749349577,1000000000,20:47:44:44.960,0
V,9,1543664766019966,1000000000,20:47:44:45.961,0
V,10,1543664782685439,1000000000,20:47:44:46.961,0
D,5,1543664782685439,1000000000,20:47:44:46.961,0
V,11,1543664799340996,1000000000,20:47:44:47.960,0
V,12,1543664816008444,1000000000,20:47:44:48.960,0
D,6,1543664816008444,1000000000,20:47:44:48.960,0
V,13,1543664832681208,1000000000,20:47:44:49.960,0
V,14,1543664849347932,1000000000,20:47:44:50.960,0
D,7,1543664849347931,1000000000,20:47:44:50.960,0
V,15,1543664866012779,1000000000,20:47:44:51.960,0
V,16,1543664882690086,1000000000,20:47:44:52.961,0
D,8,1543664882690087,1000000000,20:47:44:52.961,0
V,17,1543664899357534,1000000000,20:47:44:53.961,0
V,18,1543664916027840,1000000000,20:47:44:54.961,0
D,9,1543664916027840,1000000000,20:47:44:54.961,0
V,19,1543664932695063,1000000000,20:47:44:55.961,0
V,20,1543664949352994,1000000000,20:47:44:56.961,0
D,10,1543664949352993,1000000000,20:47:44:56.961,0
V,21,1543664966020482,1000000000,20:47:44:57.961,0
V,22,1543664982691707,1000000000,20:47:44:58.961,0
D,11,1543664982691707,1000000000,20:47:44:58.961,0
V,23,1543664999360138,1000000000,20:47:44:59.961,0
V,24,1543665016023361,1000000000,20:47:45:00.961,0
D,12,1543665016023361,1000000000,20:47:45:00.961,0
V,25,1543665032690084,1000000000,20:47:45:01.961,0
V,26,1543665049357616,1000000000,20:47:45:02.961,0
D,13,1543665049357616,1000000000,20:47:45:02.961,0
V,27,1543665066032588,1000000000,20:47:45:03.961,0
V,28,1543665082704601,1000000000,20:47:45:04.962,0
D,14,1543665082704601,1000000000,20:47:45:04.962,0
V,29,1543665099374699,1000000000,20:47:45:05.962,0
V,30,1543665116041881,1000000000,20:47:45:06.962,0
D,15,1543665116041881,1000000000,20:47:45:06.962,0
V,31,1543665132709371,1000000000,20:47:45:07.962,0
V,32,1543665149359135,1000000000,20:47:45:08.961,0
D,16,1543665149359136,1000000000,20:47:45:08.961,0
V,33,1543665166044358,1000000000,20:47:45:09.962,0
V,34,1543665182708165,1000000000,20:47:45:10.962,0
D,17,1543665182708165,1000000000,20:47:45:10.962,0
V,35,1543665199375570,1000000000,20:47:45:11.962,0
V,36,1543665216033794,1000000000,20:47:45:12.962,0
D,18,1543665216033794,1000000000,20:47:45:12.962,0
V,37,1543665232707392,1000000000,20:47:45:13.962,0
V,38,1543665249372948,1000000000,20:47:45:14.962,0
D,19,1543665249372948,1000000000,20:47:45:14.962,0
V,39,1543665266040272,1000000000,20:47:45:15.962,0
V,40,1543665282705368,1000000000,20:47:45:16.962,0
D,20,1543665282705368,1000000000,20:47:45:16.962,0
V,41,1543665299371341,1000000000,20:47:45:17.962,0
V,42,1543665316049273,1000000000,20:47:45:18.962,0
D,21,1543665316049272,1000000000,20:47:45:18.962,0
V,43,1543665332707371,1000000000,20:47:45:19.962,0
V,44,1543665349369136,1000000000,20:47:45:20.962,0
D,22,1543665349369135,1000000000,20:47:45:20.962,0
V,45,1543665366036500,1000000000,20:47:45:21.962,0
V,46,1543665382714474,1000000000,20:47:45:22.962,0
D,23,1543665382714473,1000000000,20:47:45:22.962,0
V,47,1543665399383071,1000000000,20:47:45:23.962,0
V,48,1543665416044293,1000000000,20:47:45:24.962,0
D,24,1543665416044294,1000000000,20:47:45:24.962,0
V,49,1543665432711826,1000000000,20:47:45:25.962,0
V,50,1543665449375131,1000000000,20:47:45:26.962,0
D,25,1543665449375131,1000000000,20:47:45:26.962,0
V,51,1543665466045896,1000000000,20:47:45:27.962,0
V,52,1543665482713203,1000000000,20:47:45:28.962,0
D,26,1543665482713203,1000000000,20:47:45:28.962,0
V,53,1543665499380650,1000000000,20:47:45:29.962,0
V,54,1543665516050374,1000000000,20:47:45:30.963,0
D,27,1543665516050374,1000000000,20:47:45:30.963,0
V,55,1543665532717720,1000000000,20:47:45:31.963,0
V,56,1543665549382735,1000000000,20:47:45:32.962,0
D,28,1543665549382736,1000000000,20:47:45:32.962,0
V,57,1543665566051667,1000000000,20:47:45:33.963,0
V,58,1543665582734098,1000000000,20:47:45:34.964,0
D,29,1543665582734098,1000000000,20:47:45:34.964,0
V,59,1543665599401463,1000000000,20:47:45:35.964,0
V,60,1543665616052519,1000000000,20:47:45:36.963,0
D,30,1543665616052520,1000000000,20:47:45:36.963,0
V,61,1543665632721824,1000000000,20:47:45:37.963,0
V,62,1543665649401632,1000000000,20:47:45:38.964,0
D,31,1543665649401632,1000000000,20:47:45:38.964,0
V,63,1543665666069038,1000000000,20:47:45:39.964,0
V,64,1543665682723302,1000000000,20:47:45:40.963,0
D,32,1543665682723302,1000000000,20:47:45:40.963,0
V,65,1543665699395901,1000000000,20:47:45:41.963,0
V,66,1543665716057372,1000000000,20:47:45:42.963,0
D,33,1543665716057371,1000000000,20:47:45:42.963,0
V,67,1543665732724778,1000000000,20:47:45:43.963,0
V,68,1543665749401211,1000000000,20:47:45:44.964,0
D,34,1543665749401211,1000000000,20:47:45:44.964,0
V,69,1543665766076683,1000000000,20:47:45:45.964,0
V,70,1543665782734949,1000000000,20:47:45:46.964,0
D,35,1543665782734949,1000000000,20:47:45:46.964,0
V,71,1543665799402397,1000000000,20:47:45:47.964,0
V,72,1543665816075410,1000000000,20:47:45:48.964,0
D,36,1543665816075410,1000000000,20:47:45:48.964,0
V,73,1543665832746258,1000000000,20:47:45:49.964,0
V,74,1543665849410815,1000000000,20:47:45:50.964,0
D,37,1543665849410815,1000000000,20:47:45:50.964,0
V,75,1543665866080662,1000000000,20:47:45:51.964,0
V,76,1543665882747259,1000000000,20:47:45:52.964,0
D,38,1543665882747259,1000000000,20:47:45:52.964,0
V,77,1543665899414750,1000000000,20:47:45:53.964,0
V,78,1543665916072848,1000000000,20:47:45:54.964,0
D,39,1543665916072848,1000000000,20:47:45:54.964,0
V,79,1543665932748529,1000000000,20:47:45:55.964,0
V,80,1543665949419961,1000000000,20:47:45:56.965,0
D,40,1543665949419961,1000000000,20:47:45:56.965,0
V,81,1543665966087408,1000000000,20:47:45:57.965,0
V,82,1543665982738298,1000000000,20:47:45:58.964,0
D,41,1543665982738298,1000000000,20:47:45:58.964,0
V,83,1543665999413188,1000000000,20:47:45:59.964,0
V,84,1543666016070993,1000000000,20:47:46:00.964,0
D,42,1543666016070993,1000000000,20:47:46:00.964,0
V,85,1543666032738399,1000000000,20:47:46:01.964,0
V,86,1543666049407414,1000000000,20:47:46:02.964,0
D,43,1543666049407414,1000000000,20:47:46:02.964,0
V,87,1543666066080388,1000000000,20:47:46:03.964,0
V,88,1543666082742360,1000000000,20:47:46:04.964,0
D,44,1543666082742360,1000000000,20:47:46:04.964,0
V,89,1543666099410415,1000000000,20:47:46:05.964,0
V,90,1543666116077739,1000000000,20:47:46:06.964,0
D,45,1543666116077739,1000000000,20:47:46:06.964,0
V,91,1543666132751004,1000000000,20:47:46:07.965,0
V,92,1543666149420935,1000000000,20:47:46:08.965,0
D,46,1543666149420935,1000000000,20:47:46:08.965,0
V,93,1543666166095032,1000000000,20:47:46:09.965,0
V,94,1543666182753923,1000000000,20:47:46:10.965,0
D,47,1543666182753923,1000000000,20:47:46:10.965,0
V,95,1543666199421328,1000000000,20:47:46:11.965,0
V,96,1543666216081969,1000000000,20:47:46:12.964,0
D,48,1543666216081968,1000000000,20:47:46:12.964,0
V,97,1543666232761359,1000000000,20:47:46:13.965,0
V,98,1543666249427621,1000000000,20:47:46:14.965,0
D,49,1543666249427622,1000000000,20:47:46:14.965,0
V,99,1543666266095071,1000000000,20:47:46:15.965,0
V,100,1543666282754419,1000000000,20:47:46:16.965,0
D,50,1543666282754418,1000000000,20:47:46:16.965,0
V,101,1543666299428891,1000000000,20:47:46:17.965,0
V,102,1543666316089113,1000000000,20:47:46:18.965,0
D,51,1543666316089114,1000000000,20:47:46:18.965,0
V,103,1543666332756521,1000000000,20:47:46:19.965,0
V,104,1543666349420933,1000000000,20:47:46:20.965,0
D,52,1543666349420933,1000000000,20:47:46:20.965,0
V,105,1543666366088424,1000000000,20:47:46:21.965,0
V,106,1543666382768689,1000000000,20:47:46:22.966,0
D,53,1543666382768689,1000000000,20:47:46:22.966,0
V,107,1543666399440536,1000000000,20:47:46:23.966,0
V,108,1543666416103301,1000000000,20:47:46:24.966,0
D,54,1543666416103302,1000000000,20:47:46:24.966,0
V,109,1543666432770666,1000000000,20:47:46:25.966,0
V,110,1543666449430514,1000000000,20:47:46:26.965,0
D,55,1543666449430513,1000000000,20:47:46:26.965,0
V,111,1543666466106945,1000000000,20:47:46:27.966,0
V,112,1543666482781377,1000000000,20:47:46:28.966,0
D,56,1543666482781377,1000000000,20:47:46:28.966,0
V,113,1543666499448660,1000000000,20:47:46:29.966,0
V,114,1543666516101048,1000000000,20:47:46:30.966,0
D,57,1543666516101048,1000000000,20:47:46:30.966,0
V,115,1543666532772063,1000000000,20:47:46:31.966,0
V,116,1543666549442326,1000000000,20:47:46:32.966,0
D,58,1543666549442326,1000000000,20:47:46:32.966,0
V,117,1543666566109691,1000000000,20:47:46:33.966,0
V,118,1543666582773915,1000000000,20:47:46:34.966,0
D,59,1543666582773915,1000000000,20:47:46:34.966,0
V,119,1543666599452970,1000000000,20:47:46:35.967,0
V,120,1543666616119860,1000000000,20:47:46:36.967,0
D,60,1543666616119861,1000000000,20:47:46:36.967,0
V,121,1543666632777166,1000000000,20:47:46:37.966,0
V,122,1543666649444572,1000000000,20:47:46:38.966,0
D,61,1543666649444572,1000000000,20:47:46:38.966,0
V,123,1543666666119295,1000000000,20:47:46:39.967,0
V,124,1543666682773144,1000000000,20:47:46:40.966,0
D,62,1543666682773143,1000000000,20:47:46:40.966,0
V,125,1543666699448283,1000000000,20:47:46:41.966,0
V,126,1543666716118922,1000000000,20:47:46:42.967,0
D,63,1543666716118922,1000000000,20:47:46:42.967,0
V,127,1543666732786371,1000000000,20:47:46:43.967,0
V,128,1543666749462385,1000000000,20:47:46:44.967,0
D,64,1543666749462385,1000000000,20:47:46:44.967,0
V,129,1543666766115650,1000000000,20:47:46:45.966,0
V,130,1543666782777540,1000000000,20:47:46:46.966,0
D,65,1543666782777540,1000000000,20:47:46:46.966,0
V,131,1543666799444946,1000000000,20:47:46:47.966,0
V,132,1543666816118167,1000000000,20:47:46:48.967,0
D,66,1543666816118168,1000000000,20:47:46:48.967,0
V,133,1543666832794558,1000000000,20:47:46:49.967,0
V,134,1543666849457863,1000000000,20:47:46:50.967,0
D,67,1543666849457864,1000000000,20:47:46:50.967,0
V,135,1543666866125270,1000000000,20:47:46:51.967,0
V,136,1543666882787744,1000000000,20:47:46:52.967,0
D,68,1543666882787744,1000000000,20:47:46:52.967,0
V,137,1543666899460258,1000000000,20:47:46:53.967,0
V,138,1543666916130647,1000000000,20:47:46:54.967,0
D,69,1543666916130647,1000000000,20:47:46:54.967,0
V,139,1543666932785246,1000000000,20:47:46:55.967,0
V,140,1543666949464718,1000000000,20:47:46:56.967,0
D,70,1543666949464718,1000000000,20:47:46:56.967,0
V,141,1543666966132207,1000000000,20:47:46:57.967,0
V,142,1543666982804389,1000000000,20:47:46:58.968,0
D,71,1543666982804389,1000000000,20:47:46:58.968,0
V,143,1543666999455279,1000000000,20:47:46:59.967,0
V,144,1543667016138918,1000000000,20:47:47:00.968,0
D,72,1543667016138918,1000000000,20:47:47:00.968,0
V,145,1543667032806366,1000000000,20:47:47:01.968,0
V,146,1543667049460548,1000000000,20:47:47:02.967,0
D,73,1543667049460548,1000000000,20:47:47:02.967,0
V,147,1543667066134438,1000000000,20:47:47:03.968,0
V,148,1543667082805118,1000000000,20:47:47:04.968,0
D,74,1543667082805118,1000000000,20:47:47:04.968,0
V,149,1543667099472567,1000000000,20:47:47:05.968,0
V,150,1543667116135873,1000000000,20:47:47:06.968,0
D,75,1543667116135873,1000000000,20:47:47:06.968,0
V,151,1543667132800970,1000000000,20:47:47:07.968,0
V,152,1543667149464443,1000000000,20:47:47:08.967,0
D,76,1543667149464443,1000000000,20:47:47:08.967,0
V,153,1543667166131790,1000000000,20:47:47:09.967,0
V,154,1543667182799323,1000000000,20:47:47:10.967,0
D,77,1543667182799322,1000000000,20:47:47:10.967,0
V,155,1543667199469463,1000000000,20:47:47:11.968,0
V,156,1543667216133061,1000000000,20:47:47:12.967,0
D,78,1543667216133061,1000000000,20:47:47:12.967,0
V,157,1543667232817575,1000000000,20:47:47:13.969,0
V,158,1543667249477964,1000000000,20:47:47:14.968,0
D,79,1543667249477964,1000000000,20:47:47:14.968,0
V,159,1543667266145454,1000000000,20:47:47:15.968,0
V,160,1543667282803261,1000000000,20:47:47:16.968,0
D,80,1543667282803261,1000000000,20:47:47:16.968,0
V,161,1543667299472774,1000000000,20:47:47:17.968,0
V,162,1543667316153206,1000000000,20:47:47:18.969,0
D,81,1543667316153207,1000000000,20:47:47:18.969,0
V,163,1543667332820612,1000000000,20:47:47:19.969,0
V,164,1543667349475127,1000000000,20:47:47:20.968,0
D,82,1543667349475128,1000000000,20:47:47:20.968,0
V,165,1543667366148767,1000000000,20:47:47:21.968,0
V,166,1543667382827072,1000000000,20:47:47:22.969,0
D,83,1543667382827072,1000000000,20:47:47:22.969,0
V,167,1543667399489753,1000000000,20:47:47:23.969,0
V,168,1543667416159809,1000000000,20:47:47:24.969,0
D,84,1543667416159809,1000000000,20:47:47:24.969,0
V,169,1543667432827342,1000000000,20:47:47:25.969,0
V,170,1543667449496899,1000000000,20:47:47:26.969,0
D,85,1543667449496898,1000000000,20:47:47:26.969,0
V,171,1543667466163745,1000000000,20:47:47:27.969,0
V,172,1543667482815344,1000000000,20:47:47:28.968,0
D,86,1543667482815344,1000000000,20:47:47:28.968,0
V,173,1543667499482541,1000000000,20:47:47:29.968,0
V,174,1543667516148889,1000000000,20:47:47:30.968,0
D,87,1543667516148889,1000000000,20:47:47:30.968,0
V,175,1543667532816696,1000000000,20:47:47:31.969,0
V,176,1543667549487626,1000000000,20:47:47:32.969,0
D,88,1543667549487626,1000000000,20:47:47:32.969,0
V,177,1543667566155117,1000000000,20:47:47:33.969,0
V,178,1543667582820922,1000000000,20:47:47:34.969,0
D,89,1543667582820921,1000000000,20:47:47:34.969,0
V,179,1543667599500354,1000000000,20:47:47:35.970,0
V,180,1543667616173869,1000000000,20:47:47:36.970,0
D,90,1543667616173869,1000000000,20:47:47:36.970,0
V,181,1543667632841359,1000000000,20:47:47:37.970,0
V,182,1543667649491165,1000000000,20:47:47:38.969,0
D,91,1543667649491165,1000000000,20:47:47:38.969,0
V,183,1543667666161804,1000000000,20:47:47:39.969,0
V,184,1543667682838901,1000000000,20:47:47:40.970,0
D,92,1543667682838902,1000000000,20:47:47:40.970,0
V,185,1543667699501915,1000000000,20:47:47:41.970,0
V,186,1543667716170055,1000000000,20:47:47:42.970,0
D,93,1543667716170055,1000000000,20:47:47:42.970,0
V,187,1543667732837463,1000000000,20:47:47:43.970,0
V,188,1543667749500768,1000000000,20:47:47:44.970,0
D,94,1543667749500768,1000000000,20:47:47:44.970,0
V,189,1543667766175907,1000000000,20:47:47:45.970,0
V,190,1543667782834338,1000000000,20:47:47:46.970,0
D,95,1543667782834339,1000000000,20:47:47:46.970,0
V,191,1543667799501787,1000000000,20:47:47:47.970,0
V,192,1543667816167343,1000000000,20:47:47:48.970,0
D,96,1543667816167343,1000000000,20:47:47:48.970,0
V,193,1543667832835441,1000000000,20:47:47:49.970,0
V,194,1543667849517664,1000000000,20:47:47:50.971,0
D,97,1543667849517664,1000000000,20:47:47:50.971,0
V,195,1543667866185112,1000000000,20:47:47:51.971,0
V,196,1543667882841752,1000000000,20:47:47:52.970,0
D,98,1543667882841751,1000000000,20:47:47:52.970,0
V,197,1543667899521350,1000000000,20:47:47:53.971,0
V,198,1543667916180030,1000000000,20:47:47:54.970,0
D,99,1543667916180030,1000000000,20:47:47:54.970,0
V,199,1543667932847436,1000000000,20:47:47:55.970,0
V,200,1543667949513950,1000000000,20:47:47:56.970,0
D,100,1543667949513950,1000000000,20:47:47:56.970,0
V,201,1543667966183591,1000000000,20:47:47:57.971,0
V,202,1543667982840355,1000000000,20:47:47:58.970,0
D,101,1543667982840355,1000000000,20:47:47:58.970,0
V,203,1543667999525204,1000000000,20:47:47:59.971,0
V,204,1543668016192652,1000000000,20:47:48:00.971,0
D,102,1543668016192652,1000000000,20:47:48:00.971,0
V,205,1543668032843666,1000000000,20:47:48:01.970,0
V,206,1543668049521264,1000000000,20:47:48:02.971,0
D,103,1543668049521264,1000000000,20:47:48:02.971,0
V,207,1543668066180695,1000000000,20:47:48:03.970,0
V,208,1543668082848417,1000000000,20:47:48:04.970,0
D,104,1543668082848417,1000000000,20:47:48:04.970,0
V,209,1543668099515782,1000000000,20:47:48:05.970,0
V,210,1543668116181422,1000000000,20:47:48:06.970,0
D,105,1543668116181422,1000000000,20:47:48:06.970,0
V,211,1543668132862019,1000000000,20:47:48:07.971,0
V,212,1543668149533409,1000000000,20:47:48:08.972,0
D,106,1543668149533409,1000000000,20:47:48:08.972,0
V,213,1543668166200818,1000000000,20:47:48:09.972,0
V,214,1543668182862496,1000000000,20:47:48:10.971,0
D,107,1543668182862497,1000000000,20:47:48:10.971,0
V,215,1543668199531428,1000000000,20:47:48:11.971,0
V,216,1543668216186484,1000000000,20:47:48:12.971,0
D,108,1543668216186484,1000000000,20:47:48:12.971,0
V,217,1543668232863875,1000000000,20:47:48:13.971,0
V,218,1543668249524430,1000000000,20:47:48:14.971,0
D,109,1543668249524430,1000000000,20:47:48:14.971,0
V,219,1543668266191795,1000000000,20:47:48:15.971,0
V,220,1543668282875685,1000000000,20:47:48:16.972,0
D,110,1543668282875685,1000000000,20:47:48:16.972,0
V,221,1543668299541324,1000000000,20:47:48:17.972,0
V,222,1543668316199548,1000000000,20:47:48:18.971,0
D,111,1543668316199547,1000000000,20:47:48:18.971,0
V,223,1543668332867077,1000000000,20:47:48:19.972,0
V,224,1543668349528884,1000000000,20:47:48:20.971,0
D,112,1543668349528885,1000000000,20:47:48:20.971,0
V,225,1543668366197650,1000000000,20:47:48:21.971,0
V,226,1543668382868122,1000000000,20:47:48:22.972,0
D,113,1543668382868122,1000000000,20:47:48:22.972,0
V,227,1543668399535570,1000000000,20:47:48:23.972,0
V,228,1543668416205418,1000000000,20:47:48:24.972,0
D,114,1543668416205418,1000000000,20:47:48:24.972,0
V,229,1543668432871015,1000000000,20:47:48:25.972,0
V,230,1543668449545197,1000000000,20:47:48:26.972,0
D,115,1543668449545197,1000000000,20:47:48:26.972,0
V,231,1543668466212604,1000000000,20:47:48:27.972,0
V,232,1543668482874158,1000000000,20:47:48:28.972,0
D,116,1543668482874158,1000000000,20:47:48:28.972,0
V,233,1543668499552132,1000000000,20:47:48:29.973,0
V,234,1543668516213063,1000000000,20:47:48:30.972,0
D,117,1543668516213063,1000000000,20:47:48:30.972,0
V,235,1543668532877121,1000000000,20:47:48:31.972,0
V,236,1543668549548676,1000000000,20:47:48:32.972,0
D,118,1543668549548676,1000000000,20:47:48:32.972,0
V,237,1543668566216166,1000000000,20:47:48:33.972,0
V,238,1543668582879430,1000000000,20:47:48:34.972,0
D,119,1543668582879431,1000000000,20:47:48:34.972,0
V,239,1543668599554069,1000000000,20:47:48:35.973,0
V,240,1543668616207334,1000000000,20:47:48:36.972,0
D,120,1543668616207335,1000000000,20:47:48:36.972,0
V,241,1543668632874700,1000000000,20:47:48:37.972,0
V,242,1543668649543381,1000000000,20:47:48:38.972,0
D,121,1543668649543381,1000000000,20:47:48:38.972,0
V,243,1543668666217019,1000000000,20:47:48:39.973,0
V,244,1543668682896910,1000000000,20:47:48:40.973,0
D,122,1543668682896910,1000000000,20:47:48:40.973,0
V,245,1543668699564232,1000000000,20:47:48:41.973,0
V,246,1543668716214248,1000000000,20:47:48:42.972,0
D,123,1543668716214247,1000000000,20:47:48:42.972,0
V,247,1543668732895095,1000000000,20:47:48:43.973,0
V,248,1543668749549567,1000000000,20:47:48:44.972,0
D,124,1543668749549567,1000000000,20:47:48:44.972,0
V,249,1543668766220665,1000000000,20:47:48:45.973,0
V,250,1543668782896097,1000000000,20:47:48:46.973,0
D,125,1543668782896096,1000000000,20:47:48:46.973,0
V,251,1543668799563462,1000000000,20:47:48:47.973,0
V,252,1543668816236768,1000000000,20:47:48:48.974,0
D,126,1543668816236769,1000000000,20:47:48:48.974,0
V,253,1543668832886199,1000000000,20:47:48:49.973,0
V,254,1543668849553730,1000000000,20:47:48:50.973,0
D,127,1543668849553731,1000000000,20:47:48:50.973,0
V,255,1543668866238037,1000000000,20:47:48:51.974,0
V,256,1543668882887676,1000000000,20:47:48:52.973,0
D,128,1543668882887676,1000000000,20:47:48:52.973,0
V,257,1543668899561814,1000000000,20:47:48:53.973,0
V,258,1543668916241164,1000000000,20:47:48:54.974,0
D,129,1543668916241164,1000000000,20:47:48:54.974,0
V,259,1543668932908653,1000000000,20:47:48:55.974,0
V,260,1543668949575293,1000000000,20:47:48:56.974,0
D,130,1543668949575294,1000000000,20:47:48:56.974,0
V,261,1543668966226015,1000000000,20:47:48:57.973,0
V,262,1543668982903239,1000000000,20:47:48:58.974,0
D,131,1543668982903239,1000000000,20:47:48:58.974,0
V,263,1543668999570603,1000000000,20:47:48:59.974,0
V,264,1543669016238034,1000000000,20:47:49:00.974,0
D,132,1543669016238034,1000000000,20:47:49:00.974,0
V,265,1543669032902259,1000000000,20:47:49:01.974,0
V,266,1543669049580522,1000000000,20:47:49:02.974,0
D,133,1543669049580523,1000000000,20:47:49:02.974,0
V,267,1543669066241702,1000000000,20:47:49:03.974,0
V,268,1543669082909275,1000000000,20:47:49:04.974,0
D,134,1543669082909275,1000000000,20:47:49:04.974,0
V,269,1543669099569998,1000000000,20:47:49:05.974,0
V,270,1543669116251306,1000000000,20:47:49:06.975,0
D,135,1543669116251306,1000000000,20:47:49:06.975,0
V,271,1543669132915069,1000000000,20:47:49:07.974,0
V,272,1543669149571251,1000000000,20:47:49:08.974,0
D,136,1543669149571252,1000000000,20:47:49:08.974,0
V,273,1543669166238656,1000000000,20:47:49:09.974,0
V,274,1543669182915339,1000000000,20:47:49:10.974,0
D,137,1543669182915340,1000000000,20:47:49:10.974,0
V,275,1543669199583104,1000000000,20:47:49:11.974,0
V,276,1543669216240035,1000000000,20:47:49:12.974,0
D,138,1543669216240035,1000000000,20:47:49:12.974,0
V,277,1543669232907483,1000000000,20:47:49:13.974,0
V,278,1543669249585538,1000000000,20:47:49:14.975,0
D,139,1543669249585538,1000000000,20:47:49:14.975,0
V,279,1543669266260470,1000000000,20:47:49:15.975,0
V,280,1543669282915025,1000000000,20:47:49:16.974,0
D,140,1543669282915025,1000000000,20:47:49:16.974,0
V,281,1543669299583375,1000000000,20:47:49:17.975,0
V,282,1543669316250864,1000000000,20:47:49:18.975,0
D,141,1543669316250863,1000000000,20:47:49:18.975,0
V,283,1543669332917712,1000000000,20:47:49:19.975,0
V,284,1543669349590601,1000000000,20:47:49:20.975,0
D,142,1543669349590600,1000000000,20:47:49:20.975,0
V,285,1543669366246825,1000000000,20:47:49:21.974,0
V,286,1543669382914880,1000000000,20:47:49:22.974,0
D,143,1543669382914880,1000000000,20:47:49:22.974,0
V,287,1543669399582288,1000000000,20:47:49:23.974,0
V,288,1543669416252760,1000000000,20:47:49:24.975,0
D,144,1543669416252760,1000000000,20:47:49:24.975,0
V,289,1543669432926815,1000000000,20:47:49:25.975,0
V,290,1543669449584663,1000000000,20:47:49:26.975,0
D,145,1543669449584663,1000000000,20:47:49:26.975,0
V,291,1543669466252028,1000000000,20:47:49:27.975,0
V,292,1543669482922751,1000000000,20:47:49:28.975,0
D,146,1543669482922751,1000000000,20:47:49:28.975,0
V,293,1543669499602724,1000000000,20:47:49:29.976,0
V,294,1543669516266155,1000000000,20:47:49:30.975,0
D,147,1543669516266155,1000000000,20:47:49:30.975,0
V,295,1543669532933645,1000000000,20:47:49:31.976,0
V,296,1543669549599035,1000000000,20:47:49:32.975,0
D,148,1543669549599035,1000000000,20:47:49:32.975,0
V,297,1543669566270300,1000000000,20:47:49:33.976,0
V,298,1543669582932355,1000000000,20:47:49:34.975,0
D,149,1543669582932355,1000000000,20:47:49:34.975,0
V,299,1543669599597078,1000000000,20:47:49:35.975,0
V,300,1543669616264609,1000000000,20:47:49:36.975,0
D,150,1543669616264609,1000000000,20:47:49:36.975,0
V,301,1543669632947374,1000000000,20:47:49:37.976,0
V,302,1543669649607389,1000000000,20:47:49:38.976,0
D,151,1543669649607389,1000000000,20:47:49:38.976,0
V,303,1543669666278861,1000000000,20:47:49:39.976,0
V,304,1543669682933917,1000000000,20:47:49:40.976,0
D,152,1543669682933917,1000000000,20:47:49:40.976,0
V,305,1543669699601366,1000000000,20:47:49:41.976,0
V,306,1543669716276089,1000000000,20:47:49:42.976,0
D,153,1543669716276089,1000000000,20:47:49:42.976,0
V,307,1543669732947436,1000000000,20:47:49:43.976,0
V,308,1543669749611368,1000000000,20:47:49:44.976,0
D,154,1543669749611368,1000000000,20:47:49:44.976,0
V,309,1543669766278691,1000000000,20:47:49:45.976,0
V,310,1543669782941831,1000000000,20:47:49:46.976,0
D,155,1543669782941831,1000000000,20:47:49:46.976,0
V,311,1543669799618928,1000000000,20:47:49:47.977,0
V,312,1543669816289401,1000000000,20:47:49:48.977,0
D,156,1543669816289401,1000000000,20:47:49:48.977,0
V,313,1543669832942874,1000000000,20:47:49:49.976,0
V,314,1543669849610323,1000000000,20:47:49:50.976,0
D,157,1543669849610323,1000000000,20:47:49:50.976,0
V,315,1543669866274170,1000000000,20:47:49:51.976,0
V,316,1543669882943310,1000000000,20:47:49:52.976,0
D,158,1543669882943310,1000000000,20:47:49:52.976,0
V,317,1543669899613575,1000000000,20:47:49:53.976,0
V,318,1543669916281064,1000000000,20:47:49:54.976,0
D,159,1543669916281064,1000000000,20:47:49:54.976,0
V,319,1543669932957953,1000000000,20:47:49:55.977,0
V,320,1543669949616594,1000000000,20:47:49:56.976,0
D,160,1543669949616594,1000000000,20:47:49:56.976,0
V,321,1543669966297024,1000000000,20:47:49:57.977,0
V,322,1543669982957372,1000000000,20:47:49:58.977,0
D,161,1543669982957372,1000000000,20:47:49:58.977,0
V,323,1543669999624903,1000000000,20:47:49:59.977,0
V,324,1543670016291374,1000000000,20:47:50:00.977,0
D,162,1543670016291375,1000000000,20:47:50:00.977,0
V,325,1543670032957807,1000000000,20:47:50:01.977,0
V,326,1543670049621697,1000000000,20:47:50:02.977,0
D,163,1543670049621697,1000000000,20:47:50:02.977,0
V,327,1543670066289020,1000000000,20:47:50:03.977,0
V,328,1543670082954868,1000000000,20:47:50:04.977,0
D,164,1543670082954869,1000000000,20:47:50:04.977,0
V,329,1543670099637466,1000000000,20:47:50:05.978,0
V,330,1543670116292356,1000000000,20:47:50:06.977,0
D,165,1543670116292355,1000000000,20:47:50:06.977,0
V,331,1543670132957995,1000000000,20:47:50:07.977,0
V,332,1543670149621052,1000000000,20:47:50:08.977,0
D,166,1543670149621051,1000000000,20:47:50:08.977,0
V,333,1543670166288499,1000000000,20:47:50:09.977,0
V,334,1543670182975721,1000000000,20:47:50:10.978,0
D,167,1543670182975721,1000000000,20:47:50:10.978,0
V,335,1543670199638195,1000000000,20:47:50:11.978,0
V,336,1543670216307418,1000000000,20:47:50:12.978,0
D,168,1543670216307418,1000000000,20:47:50:12.978,0
V,337,1543670232974907,1000000000,20:47:50:13.978,0
V,338,1543670249638839,1000000000,20:47:50:14.978,0
D,169,1543670249638838,1000000000,20:47:50:14.978,0
V,339,1543670266311937,1000000000,20:47:50:15.978,0
V,340,1543670282980283,1000000000,20:47:50:16.978,0
D,170,1543670282980284,1000000000,20:47:50:16.978,0
V,341,1543670299647690,1000000000,20:47:50:17.978,0
V,342,1543670316304914,1000000000,20:47:50:18.978,0
D,171,1543670316304914,1000000000,20:47:50:18.978,0
V,343,1543670332972137,1000000000,20:47:50:19.978,0
V,344,1543670349636818,1000000000,20:47:50:20.978,0
D,172,1543670349636817,1000000000,20:47:50:20.978,0
V,345,1543670366305206,1000000000,20:47:50:21.978,0
V,346,1543670382972655,1000000000,20:47:50:22.978,0
D,173,1543670382972655,1000000000,20:47:50:22.978,0
V,347,1543670399647211,1000000000,20:47:50:23.978,0
V,348,1543670416309434,1000000000,20:47:50:24.978,0
D,174,1543670416309434,1000000000,20:47:50:24.978,0
V,349,1543670432987115,1000000000,20:47:50:25.979,0
V,350,1543670449642673,1000000000,20:47:50:26.978,0
D,175,1543670449642672,1000000000,20:47:50:26.978,0
V,351,1543670466310036,1000000000,20:47:50:27.978,0
V,352,1543670482972843,1000000000,20:47:50:28.978,0
D,176,1543670482972842,1000000000,20:47:50:28.978,0
V,353,1543670499651482,1000000000,20:47:50:29.979,0
V,354,1543670516323622,1000000000,20:47:50:30.979,0
D,177,1543670516323622,1000000000,20:47:50:30.979,0
V,355,1543670532991154,1000000000,20:47:50:31.979,0
V,356,1543670549653126,1000000000,20:47:50:32.979,0
D,178,1543670549653127,1000000000,20:47:50:32.979,0
V,357,1543670566320599,1000000000,20:47:50:33.979,0
V,358,1543670582984404,1000000000,20:47:50:34.979,0
D,179,1543670582984405,1000000000,20:47:50:34.979,0
V,359,1543670599651687,1000000000,20:47:50:35.979,0
V,360,1543670616317785,1000000000,20:47:50:36.979,0
D,180,1543670616317785,1000000000,20:47:50:36.979,0
V,361,1543670632984591,1000000000,20:47:50:37.979,0
V,362,1543670649654231,1000000000,20:47:50:38.979,0
D,181,1543670649654231,1000000000,20:47:50:38.979,0
V,363,1543670666317745,1000000000,20:47:50:39.979,0
V,364,1543670682997258,1000000000,20:47:50:40.979,0
D,182,1543670682997258,1000000000,20:47:50:40.979,0
V,365,1543670699664707,1000000000,20:47:50:41.979,0
V,366,1543670716330847,1000000000,20:47:50:42.979,0
D,183,1543670716330847,1000000000,20:47:50:42.979,0
V,367,1543670732989903,1000000000,20:47:50:43.979,0
V,368,1543670749658876,1000000000,20:47:50:44.979,0
D,184,1543670749658876,1000000000,20:47:50:44.979,0
V,369,1543670766326324,1000000000,20:47:50:45.979,0
V,370,1543670782999254,1000000000,20:47:50:46.979,0
D,185,1543670782999254,1000000000,20:47:50:46.979,0
V,371,1543670799660020,1000000000,20:47:50:47.979,0
V,372,1543670816340325,1000000000,20:47:50:48.980,0
D,186,1543670816340325,1000000000,20:47:50:48.980,0
V,373,1543670833007815,1000000000,20:47:50:49.980,0
V,374,1543670849667038,1000000000,20:47:50:50.980,0
D,187,1543670849667038,1000000000,20:47:50:50.980,0
V,375,1543670866334969,1000000000,20:47:50:51.980,0
V,376,1543670883007733,1000000000,20:47:50:52.980,0
D,188,1543670883007733,1000000000,20:47:50:52.980,0
V,377,1543670899661415,1000000000,20:47:50:53.979,0
V,378,1543670916328779,1000000000,20:47:50:54.979,0
D,189,1543670916328780,1000000000,20:47:50:54.979,0
V,379,1543670933005337,1000000000,20:47:50:55.980,0
V,380,1543670949665560,1000000000,20:47:50:56.979,0
D,190,1543670949665559,1000000000,20:47:50:56.979,0
V,381,1543670966331198,1000000000,20:47:50:57.979,0
V,382,1543670983014630,1000000000,20:47:50:58.980,0
D,191,1543670983014630,1000000000,20:47:50:58.980,0
V,383,1543670999682078,1000000000,20:47:50:59.980,0
V,384,1543671016336258,1000000000,20:47:51:00.980,0
D,192,1543671016336258,1000000000,20:47:51:00.980,0
V,385,1543671033018607,1000000000,20:47:51:01.981,0
V,386,1543671049684372,1000000000,20:47:51:02.981,0
D,193,1543671049684372,1000000000,20:47:51:02.981,0
V,387,1543671066351696,1000000000,20:47:51:03.981,0
V,388,1543671083007668,1000000000,20:47:51:04.980,0
D,194,1543671083007669,1000000000,20:47:51:04.980,0
V,389,1543671099674307,1000000000,20:47:51:05.980,0
V,390,1543671116350531,1000000000,20:47:51:06.981,0
D,195,1543671116350531,1000000000,20:47:51:06.981,0
V,391,1543671133007795,1000000000,20:47:51:07.980,0
V,392,1543671149675326,1000000000,20:47:51:08.980,0
D,196,1543671149675327,1000000000,20:47:51:08.980,0
V,393,1543671166348215,1000000000,20:47:51:09.980,0
V,394,1543671183010397,1000000000,20:47:51:10.980,0
D,197,1543671183010397,1000000000,20:47:51:10.980,0
V,395,1543671199682494,1000000000,20:47:51:11.980,0
V,396,1543671216359593,1000000000,20:47:51:12.981,0
D,198,1543671216359593,1000000000,20:47:51:12.981,0
V,397,1543671233026832,1000000000,20:47:51:13.981,0
V,398,1543671249693013,1000000000,20:47:51:14.981,0
D,199,1543671249693013,1000000000,20:47:51:14.981,0
V,399,1543671266362237,1000000000,20:47:51:15.981,0
V,400,1543671283019585,1000000000,20:47:51:16.981,0
D,200,1543671283019585,1000000000,20:47:51:16.981,0
V,401,1543671299686991,1000000000,20:47:51:17.981,0
V,402,1543671316353798,1000000000,20:47:51:18.981,0
D,201,1543671316353798,1000000000,20:47:51:18.981,0
V,403,1543671333025978,1000000000,20:47:51:19.981,0
V,404,1543671349695534,1000000000,20:47:51:20.981,0
D,202,1543671349695534,1000000000,20:47:51:20.981,0
V,405,1543671366362983,1000000000,20:47:51:21.981,0
V,406,1543671383025872,1000000000,20:47:51:22.981,0
D,203,1543671383025873,1000000000,20:47:51:22.981,0
V,407,1543671399694136,1000000000,20:47:51:23.981,0
V,408,1543671416358275,1000000000,20:47:51:24.981,0
D,204,1543671416358276,1000000000,20:47:51:24.981,0
V,409,1543671433031457,1000000000,20:47:51:25.981,0
V,410,1543671449698780,1000000000,20:47:51:26.981,0
D,205,1543671449698780,1000000000,20:47:51:26.981,0
V,411,1543671466364836,1000000000,20:47:51:27.981,0
V,412,1543671483030809,1000000000,20:47:51:28.981,0
D,206,1543671483030809,1000000000,20:47:51:28.981,0
V,413,1543671499693156,1000000000,20:47:51:29.981,0
V,414,1543671516362004,1000000000,20:47:51:30.981,0
D,207,1543671516362004,1000000000,20:47:51:30.981,0
V,415,1543671533029411,1000000000,20:47:51:31.981,0
V,416,1543671549704050,1000000000,20:47:51:32.982,0
D,208,1543671549704050,1000000000,20:47:51:32.982,0
V,417,1543671566366940,1000000000,20:47:51:33.982,0
V,418,1543671583046455,1000000000,20:47:51:34.982,0
D,209,1543671583046455,1000000000,20:47:51:34.982,0
V,419,1543671599713904,1000000000,20:47:51:35.982,0
V,420,1543671616380542,1000000000,20:47:51:36.982,0
D,210,1543671616380542,1000000000,20:47:51:36.982,0
V,421,1543671633033765,1000000000,20:47:51:37.982,0
V,422,1543671649709863,1000000000,20:47:51:38.982,0
D,211,1543671649709863,1000000000,20:47:51:38.982,0
V,423,1543671666377269,1000000000,20:47:51:39.982,0
V,424,1543671683042992,1000000000,20:47:51:40.982,0
D,212,1543671683042992,1000000000,20:47:51:40.982,0
V,425,1543671699703050,1000000000,20:47:51:41.982,0
V,426,1543671716389231,1000000000,20:47:51:42.983,0
D,213,1543671716389231,1000000000,20:47:51:42.983,0
V,427,1543671733045286,1000000000,20:47:51:43.982,0
V,428,1543671749712693,1000000000,20:47:51:44.982,0
D,214,1543671749712692,1000000000,20:47:51:44.982,0
V,429,1543671766387040,1000000000,20:47:51:45.983,0
V,430,1543671783049846,1000000000,20:47:51:46.982,0
D,215,1543671783049846,1000000000,20:47:51:46.982,0
V,431,1543671799723403,1000000000,20:47:51:47.983,0
V,432,1543671816392210,1000000000,20:47:51:48.983,0
D,216,1543671816392209,1000000000,20:47:51:48.983,0
V,433,1543671833059574,1000000000,20:47:51:49.983,0
V,434,1543671849712505,1000000000,20:47:51:50.982,0
D,217,1543671849712505,1000000000,20:47:51:50.982,0
V,435,1543671866389270,1000000000,20:47:51:51.983,0
V,436,1543671883055784,1000000000,20:47:51:52.983,0
D,218,1543671883055785,1000000000,20:47:51:52.983,0
V,437,1543671899723233,1000000000,20:47:51:53.983,0
V,438,1543671916382247,1000000000,20:47:51:54.982,0
D,219,1543671916382246,1000000000,20:47:51:54.982,0
V,439,1543671933061135,1000000000,20:47:51:55.983,0
V,440,1543671949717317,1000000000,20:47:51:56.983,0
D,220,1543671949717317,1000000000,20:47:51:56.983,0
V,441,1543671966391958,1000000000,20:47:51:57.983,0
V,442,1543671983059405,1000000000,20:47:51:58.983,0
D,221,1543671983059405,1000000000,20:47:51:58.983,0
V,443,1543671999732211,1000000000,20:47:51:59.983,0
V,444,1543672016401144,1000000000,20:47:52:00.984,0
D,222,1543672016401144,1000000000,20:47:52:00.984,0
V,445,1543672033068117,1000000000,20:47:52:01.984,0
V,446,1543672049735481,1000000000,20:47:52:02.984,0
D,223,1543672049735480,1000000000,20:47:52:02.984,0
V,447,1543672066397787,1000000000,20:47:52:03.983,0
V,448,1543672083060885,1000000000,20:47:52:04.983,0
D,224,1543672083060886,1000000000,20:47:52:04.983,0
V,449,1543672099724066,1000000000,20:47:52:05.983,0
V,450,1543672116407163,1000000000,20:47:52:06.984,0
D,225,1543672116407164,1000000000,20:47:52:06.984,0
V,451,1543672133074654,1000000000,20:47:52:07.984,0
V,452,1543672149728044,1000000000,20:47:52:08.983,0
D,226,1543672149728044,1000000000,20:47:52:08.983,0
V,453,1543672166412641,1000000000,20:47:52:09.984,0
V,454,1543672183078906,1000000000,20:47:52:10.984,0
D,227,1543672183078907,1000000000,20:47:52:10.984,0
V,455,1543672199748712,1000000000,20:47:52:11.984,0
V,456,1543672216398810,1000000000,20:47:52:12.983,0
D,228,1543672216398810,1000000000,20:47:52:12.983,0
V,457,1543672233066299,1000000000,20:47:52:13.983,0
V,458,1543672249735231,1000000000,20:47:52:14.984,0
D,229,1543672249735232,1000000000,20:47:52:14.984,0
V,459,1543672266413329,1000000000,20:47:52:15.984,0
V,460,1543672283080818,1000000000,20:47:52:16.984,0
D,230,1543672283080818,1000000000,20:47:52:16.984,0
V,461,1543672299753082,1000000000,20:47:52:17.985,0
V,462,1543672316415306,1000000000,20:47:52:18.984,0
D,231,1543672316415306,1000000000,20:47:52:18.984,0
V,463,1543672333073612,1000000000,20:47:52:19.984,0
V,464,1543672349755501,1000000000,20:47:52:20.985,0
D,232,1543672349755501,1000000000,20:47:52:20.985,0
V,465,1543672366422865,1000000000,20:47:52:21.985,0
V,466,1543672383075964,1000000000,20:47:52:22.984,0
D,233,1543672383075964,1000000000,20:47:52:22.984,0
V,467,1543672399740395,1000000000,20:47:52:23.984,0
V,468,1543672416410243,1000000000,20:47:52:24.984,0
D,234,1543672416410243,1000000000,20:47:52:24.984,0
V,469,1543672433077691,1000000000,20:47:52:25.984,0
V,470,1543672449743689,1000000000,20:47:52:26.984,0
D,235,1543672449743689,1000000000,20:47:52:26.984,0
V,471,1543672466411138,1000000000,20:47:52:27.984,0
V,472,1543672483081860,1000000000,20:47:52:28.984,0
D,236,1543672483081860,1000000000,20:47:52:28.984,0
V,473,1543672499748707,1000000000,20:47:52:29.984,0
V,474,1543672516416238,1000000000,20:47:52:30.984,0
D,237,1543672516416237,1000000000,20:47:52:30.984,0
V,475,1543672533097670,1000000000,20:47:52:31.985,0
V,476,1543672549767100,1000000000,20:47:52:32.986,0
D,238,1543672549767100,1000000000,20:47:52:32.986,0
V,477,1543672566422283,1000000000,20:47:52:33.985,0
V,478,1543672583085173,1000000000,20:47:52:34.985,0
D,239,1543672583085173,1000000000,20:47:52:34.985,0
V,479,1543672599752620,1000000000,20:47:52:35.985,0
V,480,1543672616421134,1000000000,20:47:52:36.985,0
D,240,1543672616421134,1000000000,20:47:52:36.985,0
V,481,1543672633089398,1000000000,20:47:52:37.985,0
V,482,1543672649765331,1000000000,20:47:52:38.985,0
D,241,1543672649765331,1000000000,20:47:52:38.985,0
V,483,1543672666432904,1000000000,20:47:52:39.985,0
V,484,1543672683107626,1000000000,20:47:52:40.986,0
D,242,1543672683107626,1000000000,20:47:52:40.986,0
V,485,1543672699774267,1000000000,20:47:52:41.986,0
V,486,1543672716440157,1000000000,20:47:52:42.986,0
D,243,1543672716440157,1000000000,20:47:52:42.986,0
V,487,1543672733107562,1000000000,20:47:52:43.986,0
V,488,1543672749759684,1000000000,20:47:52:44.985,0
D,244,1543672749759684,1000000000,20:47:52:44.985,0
V,489,1543672766427008,1000000000,20:47:52:45.985,0
V,490,1543672783103898,1000000000,20:47:52:46.986,0
D,245,1543672783103898,1000000000,20:47:52:46.986,0
V,491,1543672799781329,1000000000,20:47:52:47.986,0
V,492,1543672816439802,1000000000,20:47:52:48.986,0
D,246,1543672816439802,1000000000,20:47:52:48.986,0
V,493,1543672833107292,1000000000,20:47:52:49.986,0
V,494,1543672849774805,1000000000,20:47:52:50.986,0
D,247,1543672849774806,1000000000,20:47:52:50.986,0
V,495,1543672866431196,1000000000,20:47:52:51.985,0
V,496,1543672883115293,1000000000,20:47:52:52.986,0
D,248,1543672883115293,1000000000,20:47:52:52.986,0
V,497,1543672899782616,1000000000,20:47:52:53.986,0
V,498,1543672916436007,1000000000,20:47:52:54.986,0
D,249,1543672916436006,1000000000,20:47:52:54.986,0
V,499,1543672933110353,1000000000,20:47:52:55.986,0
V,500,1543672949771411,1000000000,20:47:52:56.986,0
D,250,1543672949771411,1000000000,20:47:52:56.986,0
V,501,1543672966438732,1000000000,20:47:52:57.986,0
V,502,1543672983113914,1000000000,20:47:52:58.986,0
D,251,1543672983113914,1000000000,20:47:52:58.986,0
V,503,1543672999778386,1000000000,20:47:52:59.986,0
V,504,1543673016440110,1000000000,20:47:53:00.986,0
D,252,1543673016440109,1000000000,20:47:53:00.986,0
V,505,1543673033123208,1000000000,20:47:53:01.987,0
V,506,1543673049789680,1000000000,20:47:53:02.987,0
D,253,1543673049789681,1000000000,20:47:53:02.987,0
V,507,1543673066457127,1000000000,20:47:53:03.987,0
V,508,1543673083110893,1000000000,20:47:53:04.986,0
D,254,1543673083110892,1000000000,20:47:53:04.986,0
V,509,1543673099787449,1000000000,20:47:53:05.987,0
V,510,1543673116447672,1000000000,20:47:53:06.986,0
D,255,1543673116447672,1000000000,20:47:53:06.986,0
V,511,1543673133115161,1000000000,20:47:53:07.986,0
V,512,1543673149779884,1000000000,20:47:53:08.986,0
D,256,1543673149779884,1000000000,20:47:53:08.986,0
V,513,1543673166461441,1000000000,20:47:53:09.987,0
V,514,1543673183122622,1000000000,20:47:53:10.987,0
D,257,1543673183122622,1000000000,20:47:53:10.987,0
V,515,1543673199790070,1000000000,20:47:53:11.987,0
V,516,1543673216466876,1000000000,20:47:53:12.988,0
D,258,1543673216466876,1000000000,20:47:53:12.988,0
V,517,1543673233126891,1000000000,20:47:53:13.987,0
V,518,1543673249785863,1000000000,20:47:53:14.987,0
D,259,1543673249785863,1000000000,20:47:53:14.987,0
V,519,1543673266467003,1000000000,20:47:53:15.988,0
V,520,1543673283134368,1000000000,20:47:53:16.988,0
D,260,1543673283134369,1000000000,20:47:53:16.988,0
V,521,1543673299790175,1000000000,20:47:53:17.987,0
V,522,1543673316466604,1000000000,20:47:53:18.987,0
D,261,1543673316466604,1000000000,20:47:53:18.987,0
V,523,1543673333127702,1000000000,20:47:53:19.987,0
V,524,1543673349805342,1000000000,20:47:53:20.988,0
D,262,1543673349805343,1000000000,20:47:53:20.988,0
V,525,1543673366472707,1000000000,20:47:53:21.988,0
V,526,1543673383131389,1000000000,20:47:53:22.987,0
D,263,1543673383131388,1000000000,20:47:53:22.987,0
V,527,1543673399794653,1000000000,20:47:53:23.987,0
V,528,1543673416461501,1000000000,20:47:53:24.987,0
D,264,1543673416461501,1000000000,20:47:53:24.987,0
V,529,1543673433128992,1000000000,20:47:53:25.987,0
V,530,1543673449805505,1000000000,20:47:53:26.988,0
D,265,1543673449805505,1000000000,20:47:53:26.988,0
V,531,1543673466462478,1000000000,20:47:53:27.987,0
V,532,1543673483131577,1000000000,20:47:53:28.987,0
D,266,1543673483131576,1000000000,20:47:53:28.987,0
V,533,1543673499799067,1000000000,20:47:53:29.987,0
V,534,1543673516481371,1000000000,20:47:53:30.988,0
D,267,1543673516481372,1000000000,20:47:53:30.988,0
V,535,1543673533133762,1000000000,20:47:53:31.988,0
V,536,1543673549816525,1000000000,20:47:53:32.988,0
D,268,1543673549816525,1000000000,20:47:53:32.988,0
V,537,1543673566471459,1000000000,20:47:53:33.988,0
V,538,1543673583147681,1000000000,20:47:53:34.988,0
D,269,1543673583147680,1000000000,20:47:53:34.988,0
V,539,1543673599815170,1000000000,20:47:53:35.988,0
V,540,1543673616488518,1000000000,20:47:53:36.989,0
D,270,1543673616488518,1000000000,20:47:53:36.989,0
V,541,1543673633145449,1000000000,20:47:53:37.988,0
V,542,1543673649819256,1000000000,20:47:53:38.989,0
D,271,1543673649819256,1000000000,20:47:53:38.989,0
V,543,1543673666486661,1000000000,20:47:53:39.989,0
V,544,1543673683160051,1000000000,20:47:53:40.989,0
D,272,1543673683160051,1000000000,20:47:53:40.989,0
V,545,1543673699811107,1000000000,20:47:53:41.988,0
V,546,1543673716476624,1000000000,20:47:53:42.988,0
D,273,1543673716476623,1000000000,20:47:53:42.988,0
V,547,1543673733144070,1000000000,20:47:53:43.988,0
V,548,1543673749823584,1000000000,20:47:53:44.989,0
D,274,1543673749823584,1000000000,20:47:53:44.989,0
V,549,1543673766480182,1000000000,20:47:53:45.988,0
V,550,1543673783159155,1000000000,20:47:53:46.989,0
D,275,1543673783159156,1000000000,20:47:53:46.989,0
V,551,1543673799830338,1000000000,20:47:53:47.989,0
V,552,1543673816496102,1000000000,20:47:53:48.989,0
D,276,1543673816496102,1000000000,20:47:53:48.989,0
V,553,1543673833163590,1000000000,20:47:53:49.989,0
V,554,1543673849826148,1000000000,20:47:53:50.989,0
D,277,1543673849826148,1000000000,20:47:53:50.989,0
V,555,1543673866485245,1000000000,20:47:53:51.989,0
V,556,1543673883168134,1000000000,20:47:53:52.990,0
D,278,1543673883168135,1000000000,20:47:53:52.990,0
V,557,1543673899835667,1000000000,20:47:53:53.990,0
V,558,1543673916496806,1000000000,20:47:53:54.989,0
D,279,1543673916496806,1000000000,20:47:53:54.989,0
V,559,1543673933169445,1000000000,20:47:53:55.990,0
V,560,1543673949840376,1000000000,20:47:53:56.990,0
D,280,1543673949840376,1000000000,20:47:53:56.990,0
V,561,1543673966507699,1000000000,20:47:53:57.990,0
V,562,1543673983162839,1000000000,20:47:53:58.989,0
D,281,1543673983162839,1000000000,20:47:53:58.989,0
V,563,1543673999836853,1000000000,20:47:53:59.990,0
V,564,1543674016495661,1000000000,20:47:54:00.989,0
D,282,1543674016495661,1000000000,20:47:54:00.989,0
V,565,1543674033163108,1000000000,20:47:54:01.989,0
V,566,1543674049832289,1000000000,20:47:54:02.989,0
D,283,1543674049832289,1000000000,20:47:54:02.989,0
V,567,1543674066510719,1000000000,20:47:54:03.990,0
V,568,1543674083162568,1000000000,20:47:54:04.989,0
D,284,1543674083162568,1000000000,20:47:54:04.989,0
V,569,1543674099831041,1000000000,20:47:54:05.989,0
V,570,1543674116498405,1000000000,20:47:54:06.989,0
D,285,1543674116498405,1000000000,20:47:54:06.989,0
V,571,1543674133164421,1000000000,20:47:54:07.989,0
V,572,1543674149833476,1000000000,20:47:54:08.990,0
D,286,1543674149833476,1000000000,20:47:54:08.990,0
V,573,1543674166502117,1000000000,20:47:54:09.990,0
V,574,1543674183168840,1000000000,20:47:54:10.990,0
D,287,1543674183168840,1000000000,20:47:54:10.990,0
V,575,1543674199836287,1000000000,20:47:54:11.990,0
V,576,1543674216515260,1000000000,20:47:54:12.990,0
D,288,1543674216515260,1000000000,20:47:54:12.990,0
V,577,1543674233185066,1000000000,20:47:54:13.991,0
V,578,1543674249838665,1000000000,20:47:54:14.990,0
D,289,1543674249838665,1000000000,20:47:54:14.990,0
V,579,1543674266506028,1000000000,20:47:54:15.990,0
V,580,1543674283173668,1000000000,20:47:54:16.990,0
D,290,1543674283173669,1000000000,20:47:54:16.990,0
V,581,1543674299841765,1000000000,20:47:54:17.990,0
V,582,1543674316527072,1000000000,20:47:54:18.991,0
D,291,1543674316527072,1000000000,20:47:54:18.991,0
V,583,1543674333194478,1000000000,20:47:54:19.991,0
V,584,1543674349842435,1000000000,20:47:54:20.990,0
D,292,1543674349842435,1000000000,20:47:54:20.990,0
V,585,1543674366509965,1000000000,20:47:54:21.990,0
V,586,1543674383195606,1000000000,20:47:54:22.991,0
D,293,1543674383195606,1000000000,20:47:54:22.991,0
V,587,1543674399846787,1000000000,20:47:54:23.990,0
V,588,1543674416514318,1000000000,20:47:54:24.990,0
D,294,1543674416514318,1000000000,20:47:54:24.990,0
V,589,1543674433184457,1000000000,20:47:54:25.991,0
V,590,1543674449865971,1000000000,20:47:54:26.991,0
D,295,1543674449865971,1000000000,20:47:54:26.991,0
V,591,1543674466515612,1000000000,20:47:54:27.990,0
V,592,1543674483185337,1000000000,20:47:54:28.991,0
D,296,1543674483185336,1000000000,20:47:54:28.991,0
V,593,1543674499852741,1000000000,20:47:54:29.991,0
V,594,1543674516529047,1000000000,20:47:54:30.991,0
D,297,1543674516529048,1000000000,20:47:54:30.991,0
V,595,1543674533187520,1000000000,20:47:54:31.991,0
V,596,1543674549855702,1000000000,20:47:54:32.991,0
D,298,1543674549855701,1000000000,20:47:54:32.991,0
V,597,1543674566523108,1000000000,20:47:54:33.991,0
V,598,1543674583204939,1000000000,20:47:54:34.992,0
D,299,1543674583204939,1000000000,20:47:54:34.992,0
V,599,1543674599872386,1000000000,20:47:54:35.992,0
V,600,1543674616526026,1000000000,20:47:54:36.991,0
D,300,1543674616526026,1000000000,20:47:54:36.991,0
V,601,1543674633196958,1000000000,20:47:54:37.991,0
V,602,1543674649869304,1000000000,20:47:54:38.992,0
D,301,1543674649869305,1000000000,20:47:54:38.992,0
V,603,1543674666536711,1000000000,20:47:54:39.992,0
V,604,1543674683196351,1000000000,20:47:54:40.991,0
D,302,1543674683196352,1000000000,20:47:54:40.991,0
V,605,1543674699863033,1000000000,20:47:54:41.991,0
V,606,1543674716548463,1000000000,20:47:54:42.992,0
D,303,1543674716548463,1000000000,20:47:54:42.992,0
V,607,1543674733215995,1000000000,20:47:54:43.992,0
V,608,1543674749863550,1000000000,20:47:54:44.991,0
D,304,1543674749863551,1000000000,20:47:54:44.991,0
V,609,1543674766542399,1000000000,20:47:54:45.992,0
V,610,1543674783208122,1000000000,20:47:54:46.992,0
D,305,1543674783208123,1000000000,20:47:54:46.992,0
V,611,1543674799875529,1000000000,20:47:54:47.992,0
V,612,1543674816538917,1000000000,20:47:54:48.992,0
D,306,1543674816538917,1000000000,20:47:54:48.992,0
V,613,1543674833211766,1000000000,20:47:54:49.992,0
V,614,1543674849874155,1000000000,20:47:54:50.992,0
D,307,1543674849874155,1000000000,20:47:54:50.992,0
V,615,1543674866541729,1000000000,20:47:54:51.992,0
V,616,1543674883212242,1000000000,20:47:54:52.992,0
D,308,1543674883212242,1000000000,20:47:54:52.992,0
V,617,1543674899876300,1000000000,20:47:54:53.992,0
V,618,1543674916542521,1000000000,20:47:54:54.992,0
D,309,1543674916542521,1000000000,20:47:54:54.992,0
V,619,1543674933220078,1000000000,20:47:54:55.993,0
V,620,1543674949887485,1000000000,20:47:54:56.993,0
D,310,1543674949887485,1000000000,20:47:54:56.993,0
V,621,1543674966558874,1000000000,20:47:54:57.993,0
V,622,1543674983219555,1000000000,20:47:54:58.993,0
D,311,1543674983219555,1000000000,20:47:54:58.993,0
V,623,1543674999892862,1000000000,20:47:54:59.993,0
V,624,1543675016544167,1000000000,20:47:55:00.992,0
D,312,1543675016544168,1000000000,20:47:55:00.992,0
V,625,1543675033211532,1000000000,20:47:55:01.992,0
V,626,1543675049887839,1000000000,20:47:55:02.993,0
D,313,1543675049887838,1000000000,20:47:55:02.993,0
V,627,1543675066553354,1000000000,20:47:55:03.993,0
V,628,1543675083226202,1000000000,20:47:55:04.993,0
D,314,1543675083226202,1000000000,20:47:55:04.993,0
V,629,1543675099893525,1000000000,20:47:55:05.993,0
V,630,1543675116559247,1000000000,20:47:55:06.993,0
D,315,1543675116559246,1000000000,20:47:55:06.993,0
V,631,1543675133230012,1000000000,20:47:55:07.993,0
V,632,1543675149902193,1000000000,20:47:55:08.994,0
D,316,1543675149902192,1000000000,20:47:55:08.994,0
V,633,1543675166553208,1000000000,20:47:55:09.993,0
V,634,1543675183220613,1000000000,20:47:55:10.993,0
D,317,1543675183220613,1000000000,20:47:55:10.993,0
V,635,1543675199896419,1000000000,20:47:55:11.993,0
V,636,1543675216573560,1000000000,20:47:55:12.994,0
D,318,1543675216573559,1000000000,20:47:55:12.994,0
V,637,1543675233235865,1000000000,20:47:55:13.994,0
V,638,1543675249897965,1000000000,20:47:55:14.993,0
D,319,1543675249897965,1000000000,20:47:55:14.993,0
V,639,1543675266565453,1000000000,20:47:55:15.993,0
V,640,1543675283227843,1000000000,20:47:55:16.993,0
D,320,1543675283227844,1000000000,20:47:55:16.993,0
V,641,1543675299904482,1000000000,20:47:55:17.994,0
V,642,1543675316569207,1000000000,20:47:55:18.994,0
D,321,1543675316569207,1000000000,20:47:55:18.994,0
V,643,1543675333236695,1000000000,20:47:55:19.994,0
V,644,1543675349903085,1000000000,20:47:55:20.994,0
D,322,1543675349903085,1000000000,20:47:55:20.994,0
V,645,1543675366571766,1000000000,20:47:55:21.994,0
V,646,1543675383248865,1000000000,20:47:55:22.994,0
D,323,1543675383248865,1000000000,20:47:55:22.994,0
V,647,1543675399906880,1000000000,20:47:55:23.994,0
V,648,1543675416574450,1000000000,20:47:55:24.994,0
D,324,1543675416574451,1000000000,20:47:55:24.994,0
V,649,1543675433233592,1000000000,20:47:55:25.994,0
V,650,1543675449910689,1000000000,20:47:55:26.994,0
D,325,1543675449910690,1000000000,20:47:55:26.994,0
V,651,1543675466579996,1000000000,20:47:55:27.994,0
V,652,1543675483254719,1000000000,20:47:55:28.995,0
D,326,1543675483254719,1000000000,20:47:55:28.995,0
V,653,1543675499922292,1000000000,20:47:55:29.995,0
V,654,1543675516583098,1000000000,20:47:55:30.994,0
D,327,1543675516583098,1000000000,20:47:55:30.994,0
V,655,1543675533239488,1000000000,20:47:55:31.994,0
V,656,1543675549908670,1000000000,20:47:55:32.994,0
D,328,1543675549908670,1000000000,20:47:55:32.994,0
V,657,1543675566575991,1000000000,20:47:55:33.994,0
V,658,1543675583245173,1000000000,20:47:55:34.994,0
D,329,1543675583245172,1000000000,20:47:55:34.994,0
V,659,1543675599918937,1000000000,20:47:55:35.995,0
V,660,1543675616585494,1000000000,20:47:55:36.995,0
D,330,1543675616585494,1000000000,20:47:55:36.995,0
V,661,1543675633252899,1000000000,20:47:55:37.995,0
V,662,1543675649929789,1000000000,20:47:55:38.995,0
D,331,1543675649929789,1000000000,20:47:55:38.995,0
V,663,1543675666596428,1000000000,20:47:55:39.995,0
V,664,1543675683249567,1000000000,20:47:55:40.994,0
D,332,1543675683249568,1000000000,20:47:55:40.994,0
V,665,1543675699930667,1000000000,20:47:55:41.995,0
V,666,1543675716598072,1000000000,20:47:55:42.995,0
D,333,1543675716598073,1000000000,20:47:55:42.995,0
V,667,1543675733259337,1000000000,20:47:55:43.995,0
V,668,1543675749928683,1000000000,20:47:55:44.995,0
D,334,1543675749928683,1000000000,20:47:55:44.995,0
V,669,1543675766590575,1000000000,20:47:55:45.995,0
V,670,1543675783252048,1000000000,20:47:55:46.995,0
D,335,1543675783252048,1000000000,20:47:55:46.995,0
V,671,1543675799919578,1000000000,20:47:55:47.995,0
V,672,1543675816592302,1000000000,20:47:55:48.995,0
D,336,1543675816592302,1000000000,20:47:55:48.995,0
V,673,1543675833256524,1000000000,20:47:55:49.995,0
V,674,1543675849931205,1000000000,20:47:55:50.995,0
D,337,1543675849931205,1000000000,20:47:55:50.995,0
V,675,1543675866598653,1000000000,20:47:55:51.995,0
V,676,1543675883258209,1000000000,20:47:55:52.995,0
D,338,1543675883258209,1000000000,20:47:55:52.995,0
V,677,1543675899939475,1000000000,20:47:55:53.996,0
V,678,1543675916609156,1000000000,20:47:55:54.996,0
D,339,1543675916609156,1000000000,20:47:55:54.996,0
V,679,1543675933276686,1000000000,20:47:55:55.996,0
V,680,1543675949929325,1000000000,20:47:55:56.995,0
D,340,1543675949929325,1000000000,20:47:55:56.995,0
V,681,1543675966596091,1000000000,20:47:55:57.995,0
V,682,1543675983268979,1000000000,20:47:55:58.996,0
D,341,1543675983268978,1000000000,20:47:55:58.996,0
V,683,1543675999937619,1000000000,20:47:55:59.996,0
V,684,1543676016605109,1000000000,20:47:56:00.996,0
D,342,1543676016605109,1000000000,20:47:56:00.996,0
V,685,1543676033267748,1000000000,20:47:56:01.996,0
V,686,1543676049936805,1000000000,20:47:56:02.996,0
D,343,1543676049936805,1000000000,20:47:56:02.996,0
V,687,1543676066611652,1000000000,20:47:56:03.996,0
V,688,1543676083281750,1000000000,20:47:56:04.996,0
D,344,1543676083281749,1000000000,20:47:56:04.996,0
V,689,1543676099949281,1000000000,20:47:56:05.996,0
V,690,1543676116604796,1000000000,20:47:56:06.996,0
D,345,1543676116604796,1000000000,20:47:56:06.996,0
V,691,1543676133280852,1000000000,20:47:56:07.996,0
V,692,1543676149937241,1000000000,20:47:56:08.996,0
D,346,1543676149937241,1000000000,20:47:56:08.996,0
V,693,1543676166604605,1000000000,20:47:56:09.996,0
V,694,1543676183285247,1000000000,20:47:56:10.997,0
D,347,1543676183285247,1000000000,20:47:56:10.997,0
V,695,1543676199959428,1000000000,20:47:56:11.997,0
V,696,1543676216627567,1000000000,20:47:56:12.997,0
D,348,1543676216627567,1000000000,20:47:56:12.997,0
V,697,1543676233290582,1000000000,20:47:56:13.997,0
V,698,1543676249958072,1000000000,20:47:56:14.997,0
D,349,1543676249958072,1000000000,20:47:56:14.997,0
V,699,1543676266610169,1000000000,20:47:56:15.996,0
V,700,1543676283281850,1000000000,20:47:56:16.996,0
D,350,1543676283281850,1000000000,20:47:56:16.996,0
V,701,1543676299964450,1000000000,20:47:56:17.997,0
V,702,1543676316631980,1000000000,20:47:56:18.997,0
D,351,1543676316631980,1000000000,20:47:56:18.997,0
V,703,1543676333285120,1000000000,20:47:56:19.997,0
V,704,1543676349952133,1000000000,20:47:56:20.997,0
D,352,1543676349952133,1000000000,20:47:56:20.997,0
V,705,1543676366633483,1000000000,20:47:56:21.998,0
V,706,1543676383287039,1000000000,20:47:56:22.997,0
D,353,1543676383287039,1000000000,20:47:56:22.997,0
V,707,1543676399954486,1000000000,20:47:56:23.997,0
V,708,1543676416624543,1000000000,20:47:56:24.997,0
D,354,1543676416624542,1000000000,20:47:56:24.997,0
V,709,1543676433297974,1000000000,20:47:56:25.997,0
V,710,1543676449966322,1000000000,20:47:56:26.997,0
D,355,1543676449966322,1000000000,20:47:56:26.997,0
V,711,1543676466629962,1000000000,20:47:56:27.997,0
V,712,1543676483297367,1000000000,20:47:56:28.997,0
D,356,1543676483297367,1000000000,20:47:56:28.997,0
V,713,1543676499973423,1000000000,20:47:56:29.998,0
V,714,1543676516633105,1000000000,20:47:56:30.997,0
D,357,1543676516633105,1000000000,20:47:56:30.997,0
V,715,1543676533299868,1000000000,20:47:56:31.997,0
V,716,1543676549961885,1000000000,20:47:56:32.997,0
D,358,1543676549961885,1000000000,20:47:56:32.997,0
V,717,1543676566629332,1000000000,20:47:56:33.997,0
V,718,1543676583300013,1000000000,20:47:56:34.998,0
D,359,1543676583300013,1000000000,20:47:56:34.998,0
V,719,1543676599968613,1000000000,20:47:56:35.998,0
V,720,1543676616634584,1000000000,20:47:56:36.998,0
D,360,1543676616634584,1000000000,20:47:56:36.998,0
V,721,1543676633301950,1000000000,20:47:56:37.998,0
V,722,1543676649973712,1000000000,20:47:56:38.998,0
D,361,1543676649973712,1000000000,20:47:56:38.998,0
V,723,1543676666640144,1000000000,20:47:56:39.998,0
V,724,1543676683300326,1000000000,20:47:56:40.998,0
D,362,1543676683300326,1000000000,20:47:56:40.998,0
V,725,1543676699967899,1000000000,20:47:56:41.998,0
V,726,1543676716633829,1000000000,20:47:56:42.998,0
D,363,1543676716633829,1000000000,20:47:56:42.998,0
V,727,1543676733318011,1000000000,20:47:56:43.999,0
V,728,1543676749979651,1000000000,20:47:56:44.998,0
D,364,1543676749979651,1000000000,20:47:56:44.998,0
V,729,1543676766640748,1000000000,20:47:56:45.998,0
V,730,1543676783308114,1000000000,20:47:56:46.998,0
D,365,1543676783308114,1000000000,20:47:56:46.998,0
V,731,1543676799985711,1000000000,20:47:56:47.999,0
V,732,1543676816640394,1000000000,20:47:56:48.998,0
D,366,1543676816640394,1000000000,20:47:56:48.998,0
V,733,1543676833324114,1000000000,20:47:56:49.999,0
V,734,1543676849993047,1000000000,20:47:56:50.999,0
D,367,1543676849993047,1000000000,20:47:56:50.999,0
V,735,1543676866660661,1000000000,20:47:56:51.999,0
V,736,1543676883312092,1000000000,20:47:56:52.998,0
D,368,1543676883312093,1000000000,20:47:56:52.998,0
V,737,1543676899996648,1000000000,20:47:56:53.999,0
V,738,1543676916663288,1000000000,20:47:56:54.999,0
D,369,1543676916663287,1000000000,20:47:56:54.999,0
V,739,1543676933330736,1000000000,20:47:56:55.999,0
V,740,1543676949995751,1000000000,20:47:56:56.999,0
D,370,1543676949995750,1000000000,20:47:56:56.999,0
V,741,1543676966654515,1000000000,20:47:56:57.999,0
V,742,1543676983319531,1000000000,20:47:56:58.999,0
D,371,1543676983319531,1000000000,20:47:56:58.999,0
V,743,1543676999987004,1000000000,20:47:56:59.999,0
V,744,1543677016654534,1000000000,20:47:57:00.999,0
D,372,1543677016654534,1000000000,20:47:57:00.999,0
V,745,1543677033330340,1000000000,20:47:57:01.999,0
V,746,1543677049990022,1000000000,20:47:57:02.999,0
D,373,1543677049990022,1000000000,20:47:57:02.999,0
V,747,1543677066670621,1000000000,20:47:57:04.000,0
V,748,1543677083338068,1000000000,20:47:57:05.000,0
D,374,1543677083338068,1000000000,20:47:57:05.000,0
V,749,1543677100005916,1000000000,20:47:57:06.000,0
V,750,1543677116660639,1000000000,20:47:57:06.999,0
D,375,1543677116660639,1000000000,20:47:57:06.999,0
V,751,1543677133340278,1000000000,20:47:57:08.000,0
V,752,1543677150001876,1000000000,20:47:57:09.000,0
D,376,1543677150001876,1000000000,20:47:57:09.000,0
V,753,1543677166669574,1000000000,20:47:57:10.000,0
V,754,1543677183326796,1000000000,20:47:57:10.999,0
D,377,1543677183326796,1000000000,20:47:57:10.999,0
V,755,1543677200000727,1000000000,20:47:57:12.000,0
V,756,1543677216661409,1000000000,20:47:57:12.999,0
D,378,1543677216661409,1000000000,20:47:57:12.999,0
V,757,1543677233328858,1000000000,20:47:57:13.999,0
V,758,1543677249998330,1000000000,20:47:57:14.999,0
D,379,1543677249998330,1000000000,20:47:57:14.999,0
V,759,1543677266669219,1000000000,20:47:57:16.000,0
V,760,1543677283343567,1000000000,20:47:57:17.000,0
D,380,1543677283343568,1000000000,20:47:57:17.000,0
V,761,1543677300010876,1000000000,20:47:57:18.000,0
V,762,1543677316678364,1000000000,20:47:57:19.000,0
D,381,1543677316678364,1000000000,20:47:57:19.000,0
V,763,1543677333340252,1000000000,20:47:57:20.000,0
V,764,1543677350005768,1000000000,20:47:57:21.000,0
D,382,1543677350005767,1000000000,20:47:57:21.000,0
V,765,1543677366679158,1000000000,20:47:57:22.000,0
V,766,1543677383345756,1000000000,20:47:57:23.000,0
D,383,1543677383345756,1000000000,20:47:57:23.000,0
V,767,1543677400013161,1000000000,20:47:57:24.000,0
V,768,1543677416690134,1000000000,20:47:57:25.001,0
D,384,1543677416690134,1000000000,20:47:57:25.001,0
V,769,1543677433352525,1000000000,20:47:57:26.001,0
V,770,1543677450025705,1000000000,20:47:57:27.001,0
D,385,1543677450025705,1000000000,20:47:57:27.001,0
V,771,1543677466693112,1000000000,20:47:57:28.001,0
V,772,1543677483346835,1000000000,20:47:57:29.000,0
D,386,1543677483346834,1000000000,20:47:57:29.000,0
V,773,1543677500028683,1000000000,20:47:57:30.001,0
V,774,1543677516682197,1000000000,20:47:57:31.000,0
D,387,1543677516682197,1000000000,20:47:57:31.000,0
V,775,1543677533349643,1000000000,20:47:57:32.000,0
V,776,1543677550030117,1000000000,20:47:57:33.001,0
D,388,1543677550030117,1000000000,20:47:57:33.001,0
V,777,1543677566689590,1000000000,20:47:57:34.001,0
V,778,1543677583348480,1000000000,20:47:57:35.000,0
D,389,1543677583348480,1000000000,20:47:57:35.000,0
V,779,1543677600026578,1000000000,20:47:57:36.001,0
V,780,1543677616693859,1000000000,20:47:57:37.001,0
D,390,1543677616693859,1000000000,20:47:57:37.001,0
V,781,1543677633359581,1000000000,20:47:57:38.001,0
V,782,1543677650022721,1000000000,20:47:57:39.001,0
D,391,1543677650022721,1000000000,20:47:57:39.001,0
V,783,1543677666704194,1000000000,20:47:57:40.002,0
V,784,1543677683352750,1000000000,20:47:57:41.001,0
D,392,1543677683352750,1000000000,20:47:57:41.001,0
V,785,1543677700020073,1000000000,20:47:57:42.001,0
V,786,1543677716698673,1000000000,20:47:57:43.001,0
D,393,1543677716698672,1000000000,20:47:57:43.001,0
V,787,1543677733361436,1000000000,20:47:57:44.001,0
V,788,1543677750032202,1000000000,20:47:57:45.001,0
D,394,1543677750032201,1000000000,20:47:57:45.001,0
V,789,1543677766699566,1000000000,20:47:57:46.001,0
V,790,1543677783365662,1000000000,20:47:57:47.001,0
D,395,1543677783365662,1000000000,20:47:57:47.001,0
V,791,1543677800036428,1000000000,20:47:57:48.002,0
V,792,1543677816695442,1000000000,20:47:57:49.001,0
D,396,1543677816695442,1000000000,20:47:57:49.001,0
V,793,1543677833368625,1000000000,20:47:57:50.002,0
V,794,1543677850036197,1000000000,20:47:57:51.002,0
D,397,1543677850036196,1000000000,20:47:57:51.002,0
V,795,1543677866700918,1000000000,20:47:57:52.002,0
V,796,1543677883375934,1000000000,20:47:57:53.002,0
D,398,1543677883375934,1000000000,20:47:57:53.002,0
V,797,1543677900049449,1000000000,20:47:57:54.002,0
V,798,1543677916706713,1000000000,20:47:57:55.002,0
D,399,1543677916706714,1000000000,20:47:57:55.002,0
V,799,1543677933374119,1000000000,20:47:57:56.002,0
V,800,1543677950033383,1000000000,20:47:57:57.002,0
D,400,1543677950033383,1000000000,20:47:57:57.002,0
V,801,1543677966702317,1000000000,20:47:57:58.002,0
V,802,1543677983375623,1000000000,20:47:57:59.002,0
D,401,1543677983375622,1000000000,20:47:57:59.002,0
V,803,1543678000043194,1000000000,20:47:58:00.002,0
V,804,1543678016717626,1000000000,20:47:58:01.003,0
D,402,1543678016717627,1000000000,20:47:58:01.003,0
V,805,1543678033372266,1000000000,20:47:58:02.002,0
V,806,1543678050048322,1000000000,20:47:58:03.002,0
D,403,1543678050048322,1000000000,20:47:58:03.002,0
V,807,1543678066709878,1000000000,20:47:58:04.002,0
V,808,1543678083377242,1000000000,20:47:58:05.002,0
D,404,1543678083377242,1000000000,20:47:58:05.002,0
V,809,1543678100052466,1000000000,20:47:58:06.003,0
V,810,1543678116720439,1000000000,20:47:58:07.003,0
D,405,1543678116720439,1000000000,20:47:58:07.003,0
V,811,1543678133393453,1000000000,20:47:58:08.003,0
V,812,1543678150060943,1000000000,20:47:58:09.003,0
D,406,1543678150060942,1000000000,20:47:58:09.003,0
V,813,1543678166718957,1000000000,20:47:58:10.003,0
V,814,1543678183395887,1000000000,20:47:58:11.003,0
D,407,1543678183395888,1000000000,20:47:58:11.003,0
V,815,1543678200057070,1000000000,20:47:58:12.003,0
V,816,1543678216733127,1000000000,20:47:58:13.003,0
D,408,1543678216733126,1000000000,20:47:58:13.003,0
V,817,1543678233400489,1000000000,20:47:58:14.004,0
V,818,1543678250058840,1000000000,20:47:58:15.003,0
D,409,1543678250058839,1000000000,20:47:58:15.003,0
V,819,1543678266731187,1000000000,20:47:58:16.003,0
V,820,1543678283398118,1000000000,20:47:58:17.003,0
D,410,1543678283398117,1000000000,20:47:58:17.003,0
V,821,1543678300065564,1000000000,20:47:58:18.003,0
V,822,1543678316724205,1000000000,20:47:58:19.003,0
D,411,1543678316724204,1000000000,20:47:58:19.003,0
V,823,1543678333405969,1000000000,20:47:58:20.004,0
V,824,1543678350059192,1000000000,20:47:58:21.003,0
D,412,1543678350059193,1000000000,20:47:58:21.003,0
V,825,1543678366739331,1000000000,20:47:58:22.004,0
V,826,1543678383406696,1000000000,20:47:58:23.004,0
D,413,1543678383406696,1000000000,20:47:58:23.004,0
V,827,1543678400066295,1000000000,20:47:58:24.003,0
V,828,1543678416723642,1000000000,20:47:58:25.003,0
D,414,1543678416723642,1000000000,20:47:58:25.003,0
V,829,1543678433410156,1000000000,20:47:58:26.004,0
V,830,1543678450061380,1000000000,20:47:58:27.003,0
D,415,1543678450061380,1000000000,20:47:58:27.003,0
V,831,1543678466728869,1000000000,20:47:58:28.003,0
V,832,1543678483399135,1000000000,20:47:58:29.003,0
D,416,1543678483399134,1000000000,20:47:58:29.003,0
V,833,1543678500070024,1000000000,20:47:58:30.004,0
V,834,1543678516739205,1000000000,20:47:58:31.004,0
D,417,1543678516739205,1000000000,20:47:58:31.004,0
V,835,1543678533406528,1000000000,20:47:58:32.004,0
V,836,1543678550066793,1000000000,20:47:58:33.004,0
D,418,1543678550066792,1000000000,20:47:58:33.004,0
V,837,1543678566739057,1000000000,20:47:58:34.004,0
V,838,1543678583415114,1000000000,20:47:58:35.004,0
D,419,1543678583415114,1000000000,20:47:58:35.004,0
V,839,1543678600070294,1000000000,20:47:58:36.004,0
V,840,1543678616737742,1000000000,20:47:58:37.004,0
D,420,1543678616737742,1000000000,20:47:58:37.004,0
V,841,1543678633408173,1000000000,20:47:58:38.004,0
V,842,1543678650072897,1000000000,20:47:58:39.004,0
D,421,1543678650072898,1000000000,20:47:58:39.004,0
V,843,1543678666750828,1000000000,20:47:58:40.005,0
V,844,1543678683418275,1000000000,20:47:58:41.005,0
D,422,1543678683418275,1000000000,20:47:58:41.005,0
V,845,1543678700071832,1000000000,20:47:58:42.004,0
V,846,1543678716758764,1000000000,20:47:58:43.005,0
D,423,1543678716758764,1000000000,20:47:58:43.005,0
V,847,1543678733415237,1000000000,20:47:58:44.004,0
V,848,1543678750078793,1000000000,20:47:58:45.004,0
D,424,1543678750078793,1000000000,20:47:58:45.004,0
V,849,1543678766746240,1000000000,20:47:58:46.004,0
V,850,1543678783411170,1000000000,20:47:58:47.004,0
D,425,1543678783411170,1000000000,20:47:58:47.004,0
V,851,1543678800087645,1000000000,20:47:58:48.005,0
V,852,1543678816744410,1000000000,20:47:58:49.004,0
D,426,1543678816744410,1000000000,20:47:58:49.004,0
V,853,1543678833411981,1000000000,20:47:58:50.004,0
V,854,1543678850093706,1000000000,20:47:58:51.005,0
D,427,1543678850093706,1000000000,20:47:58:51.005,0
V,855,1543678866751262,1000000000,20:47:58:52.005,0
V,856,1543678883428152,1000000000,20:47:58:53.005,0
D,428,1543678883428151,1000000000,20:47:58:53.005,0
V,857,1543678900098375,1000000000,20:47:58:54.005,0
V,858,1543678916765863,1000000000,20:47:58:55.005,0
D,429,1543678916765864,1000000000,20:47:58:55.005,0
V,859,1543678933421253,1000000000,20:47:58:56.005,0
V,860,1543678950096476,1000000000,20:47:58:57.005,0
D,430,1543678950096475,1000000000,20:47:58:57.005,0
V,861,1543678966765491,1000000000,20:47:58:58.005,0
V,862,1543678983431671,1000000000,20:47:58:59.005,0
D,431,1543678983431671,1000000000,20:47:58:59.005,0
V,863,1543679000099078,1000000000,20:47:59:00.005,0
V,864,1543679016769342,1000000000,20:47:59:01.006,0
D,432,1543679016769341,1000000000,20:47:59:01.006,0
V,865,1543679033438483,1000000000,20:47:59:02.006,0
V,866,1543679050104163,1000000000,20:47:59:03.006,0
D,433,1543679050104163,1000000000,20:47:59:03.006,0
V,867,1543679066771653,1000000000,20:47:59:04.006,0
V,868,1543679083445291,1000000000,20:47:59:05.006,0
D,434,1543679083445292,1000000000,20:47:59:05.006,0
V,869,1543679100112806,1000000000,20:47:59:06.006,0
V,870,1543679116772280,1000000000,20:47:59:07.006,0
D,435,1543679116772280,1000000000,20:47:59:07.006,0
V,871,1543679133439685,1000000000,20:47:59:08.006,0
V,872,1543679150097284,1000000000,20:47:59:09.005,0
D,436,1543679150097284,1000000000,20:47:59:09.005,0
V,873,1543679166768632,1000000000,20:47:59:10.006,0
V,874,1543679183442605,1000000000,20:47:59:11.006,0
D,437,1543679183442605,1000000000,20:47:59:11.006,0
V,875,1543679200098162,1000000000,20:47:59:12.005,0
V,876,1543679216765566,1000000000,20:47:59:13.005,0
D,438,1543679216765566,1000000000,20:47:59:13.005,0
V,877,1543679233433789,1000000000,20:47:59:14.006,0
V,878,1543679250102388,1000000000,20:47:59:15.006,0
D,439,1543679250102388,1000000000,20:47:59:15.006,0
V,879,1543679266779361,1000000000,20:47:59:16.006,0
V,880,1543679283439043,1000000000,20:47:59:17.006,0
D,440,1543679283439043,1000000000,20:47:59:17.006,0
V,881,1543679300106490,1000000000,20:47:59:18.006,0
V,882,1543679316775547,1000000000,20:47:59:19.006,0
D,441,1543679316775547,1000000000,20:47:59:19.006,0
V,883,1543679333439771,1000000000,20:47:59:20.006,0
V,884,1543679350116660,1000000000,20:47:59:21.006,0
D,442,1543679350116661,1000000000,20:47:59:21.006,0
V,885,1543679366784065,1000000000,20:47:59:22.007,0
V,886,1543679383460579,1000000000,20:47:59:23.007,0
D,443,1543679383460579,1000000000,20:47:59:23.007,0
V,887,1543679400123678,1000000000,20:47:59:24.007,0
V,888,1543679416795569,1000000000,20:47:59:25.007,0
D,444,1543679416795569,1000000000,20:47:59:25.007,0
V,889,1543679433459792,1000000000,20:47:59:26.007,0
V,890,1543679450127196,1000000000,20:47:59:27.007,0
D,445,1543679450127196,1000000000,20:47:59:27.007,0
V,891,1543679466793837,1000000000,20:47:59:28.007,0
V,892,1543679483448060,1000000000,20:47:59:29.006,0
D,446,1543679483448060,1000000000,20:47:59:29.006,0
V,893,1543679500131449,1000000000,20:47:59:30.007,0
V,894,1543679516799048,1000000000,20:47:59:31.007,0
D,447,1543679516799048,1000000000,20:47:59:31.007,0
V,895,1543679533466453,1000000000,20:47:59:32.007,0
V,896,1543679550122301,1000000000,20:47:59:33.007,0
D,448,1543679550122301,1000000000,20:47:59:33.007,0
V,897,1543679566802066,1000000000,20:47:59:34.008,0
V,898,1543679583455705,1000000000,20:47:59:35.007,0
D,449,1543679583455705,1000000000,20:47:59:35.007,0
V,899,1543679600123153,1000000000,20:47:59:36.007,0
V,900,1543679616792292,1000000000,20:47:59:37.007,0
D,450,1543679616792292,1000000000,20:47:59:37.007,0
V,901,1543679633464350,1000000000,20:47:59:38.007,0
V,902,1543679650134114,1000000000,20:47:59:39.008,0
D,451,1543679650134114,1000000000,20:47:59:39.008,0
V,903,1543679666794254,1000000000,20:47:59:40.007,0
V,904,1543679683461660,1000000000,20:47:59:41.007,0
D,452,1543679683461660,1000000000,20:47:59:41.007,0
V,905,1543679700134675,1000000000,20:47:59:42.008,0
V,906,1543679716793689,1000000000,20:47:59:43.007,0
D,453,1543679716793689,1000000000,20:47:59:43.007,0
V,907,1543679733471289,1000000000,20:47:59:44.008,0
V,908,1543679750138692,1000000000,20:47:59:45.008,0
D,454,1543679750138692,1000000000,20:47:59:45.008,0
V,909,1543679766797833,1000000000,20:47:59:46.007,0
V,910,1543679783466638,1000000000,20:47:59:47.007,0
D,455,1543679783466638,1000000000,20:47:59:47.007,0
V,911,1543679800141405,1000000000,20:47:59:48.008,0
V,912,1543679816808253,1000000000,20:47:59:49.008,0
D,456,1543679816808253,1000000000,20:47:59:49.008,0
V,913,1543679833475657,1000000000,20:47:59:50.008,0
V,914,1543679850136881,1000000000,20:47:59:51.008,0
D,457,1543679850136880,1000000000,20:47:59:51.008,0
V,915,1543679866816729,1000000000,20:47:59:52.009,0
V,916,1543679883487494,1000000000,20:47:59:53.009,0
D,458,1543679883487493,1000000000,20:47:59:53.009,0
V,917,1543679900154815,1000000000,20:47:59:54.009,0
V,918,1543679916813829,1000000000,20:47:59:55.008,0
D,459,1543679916813830,1000000000,20:47:59:55.008,0
V,919,1543679933490512,1000000000,20:47:59:56.009,0
V,920,1543679950158069,1000000000,20:47:59:57.009,0
D,460,1543679950158069,1000000000,20:47:59:57.009,0
V,921,1543679966811833,1000000000,20:47:59:58.008,0
V,922,1543679983479154,1000000000,20:47:59:59.008,0
D,461,1543679983479154,1000000000,20:47:59:59.008,0
V,923,1543680000158879,1000000000,20:48:00:00.009,0
V,924,1543680016822685,1000000000,20:48:00:01.009,0
D,462,1543680016822685,1000000000,20:48:00:01.009,0
V,925,1543680033475699,1000000000,20:48:00:02.008,0
V,926,1543680050154299,1000000000,20:48:00:03.009,0
D,463,1543680050154299,1000000000,20:48:00:03.009,0
V,927,1543680066821620,1000000000,20:48:00:04.009,0
V,928,1543680083479719,1000000000,20:48:00:05.008,0
D,464,1543680083479718,1000000000,20:48:00:05.008,0
V,929,1543680100158649,1000000000,20:48:00:06.009,0
V,930,1543680116815624,1000000000,20:48:00:07.008,0
D,465,1543680116815624,1000000000,20:48:00:07.008,0
V,931,1543680133483110,1000000000,20:48:00:08.008,0
V,932,1543680150154836,1000000000,20:48:00:09.009,0
D,466,1543680150154836,1000000000,20:48:00:09.009,0
V,933,1543680166821099,1000000000,20:48:00:10.009,0
V,934,1543680183492781,1000000000,20:48:00:11.009,0
D,467,1543680183492781,1000000000,20:48:00:11.009,0
V,935,1543680200167130,1000000000,20:48:00:12.010,0
V,936,1543680216834576,1000000000,20:48:00:13.010,0
D,468,1543680216834576,1000000000,20:48:00:13.010,0
V,937,1543680233487257,1000000000,20:48:00:14.009,0
V,938,1543680250157232,1000000000,20:48:00:15.009,0
D,469,1543680250157232,1000000000,20:48:00:15.009,0
V,939,1543680266832413,1000000000,20:48:00:16.009,0
V,940,1543680283499845,1000000000,20:48:00:17.009,0
D,470,1543680283499845,1000000000,20:48:00:17.009,0
V,941,1543680300167249,1000000000,20:48:00:18.010,0
V,942,1543680316824724,1000000000,20:48:00:19.009,0
D,471,1543680316824723,1000000000,20:48:00:19.009,0
V,943,1543680333491946,1000000000,20:48:00:20.009,0
V,944,1543680350173045,1000000000,20:48:00:21.010,0
D,472,1543680350173045,1000000000,20:48:00:21.010,0
V,945,1543680366840533,1000000000,20:48:00:22.010,0
V,946,1543680383497922,1000000000,20:48:00:23.009,0
D,473,1543680383497922,1000000000,20:48:00:23.009,0
V,947,1543680400161271,1000000000,20:48:00:24.009,0
V,948,1543680416829828,1000000000,20:48:00:25.009,0
D,474,1543680416829828,1000000000,20:48:00:25.009,0
V,949,1543680433497358,1000000000,20:48:00:26.009,0
V,950,1543680450169872,1000000000,20:48:00:27.010,0
D,475,1543680450169872,1000000000,20:48:00:27.010,0
V,951,1543680466844138,1000000000,20:48:00:28.010,0
V,952,1543680483503610,1000000000,20:48:00:29.010,0
D,476,1543680483503611,1000000000,20:48:00:29.010,0
V,953,1543680500181126,1000000000,20:48:00:30.010,0
V,954,1543680516848489,1000000000,20:48:00:31.010,0
D,477,1543680516848489,1000000000,20:48:00:31.010,0
V,955,1543680533518629,1000000000,20:48:00:32.011,0
V,956,1543680550177851,1000000000,20:48:00:33.010,0
D,478,1543680550177851,1000000000,20:48:00:33.010,0
V,957,1543680566852951,1000000000,20:48:00:34.011,0
V,958,1543680583524422,1000000000,20:48:00:35.011,0
D,479,1543680583524423,1000000000,20:48:00:35.011,0
V,959,1543680600191869,1000000000,20:48:00:36.011,0
V,960,1543680616858884,1000000000,20:48:00:37.011,0
D,480,1543680616858885,1000000000,20:48:00:37.011,0
V,961,1543680633509899,1000000000,20:48:00:38.010,0
V,962,1543680650185540,1000000000,20:48:00:39.011,0
D,481,1543680650185540,1000000000,20:48:00:39.011,0
V,963,1543680666852903,1000000000,20:48:00:40.011,0
V,964,1543680683524125,1000000000,20:48:00:41.011,0
D,482,1543680683524125,1000000000,20:48:00:41.011,0
V,965,1543680700185184,1000000000,20:48:00:42.011,0
V,966,1543680716864780,1000000000,20:48:00:43.011,0
D,483,1543680716864780,1000000000,20:48:00:43.011,0
V,967,1543680733532352,1000000000,20:48:00:44.011,0
V,968,1543680750186868,1000000000,20:48:00:45.011,0
D,484,1543680750186867,1000000000,20:48:00:45.011,0
V,969,1543680766865716,1000000000,20:48:00:46.011,0
V,970,1543680783527647,1000000000,20:48:00:47.011,0
D,485,1543680783527646,1000000000,20:48:00:47.011,0
V,971,1543680800192954,1000000000,20:48:00:48.011,0
V,972,1543680816860400,1000000000,20:48:00:49.011,0
D,486,1543680816860400,1000000000,20:48:00:49.011,0
V,973,1543680833519873,1000000000,20:48:00:50.011,0
V,974,1543680850194264,1000000000,20:48:00:51.011,0
D,487,1543680850194264,1000000000,20:48:00:51.011,0
V,975,1543680866863070,1000000000,20:48:00:52.011,0
V,976,1543680883535127,1000000000,20:48:00:53.012,0
D,488,1543680883535127,1000000000,20:48:00:53.012,0
V,977,1543680900202533,1000000000,20:48:00:54.012,0
V,978,1543680916859132,1000000000,20:48:00:55.011,0
D,489,1543680916859131,1000000000,20:48:00:55.011,0
V,979,1543680933534146,1000000000,20:48:00:56.012,0
V,980,1543680950207077,1000000000,20:48:00:57.012,0
D,490,1543680950207078,1000000000,20:48:00:57.012,0
V,981,1543680966874483,1000000000,20:48:00:58.012,0
V,982,1543680983531455,1000000000,20:48:00:59.011,0
D,491,1543680983531454,1000000000,20:48:00:59.011,0
V,983,1543681000194138,1000000000,20:48:01:00.011,0
V,984,1543681016878028,1000000000,20:48:01:01.012,0
D,492,1543681016878028,1000000000,20:48:01:01.012,0
V,985,1543681033535251,1000000000,20:48:01:02.012,0
V,986,1543681050202656,1000000000,20:48:01:03.012,0
D,493,1543681050202655,1000000000,20:48:01:03.012,0
V,987,1543681066868419,1000000000,20:48:01:04.012,0
V,988,1543681083533934,1000000000,20:48:01:05.012,0
D,494,1543681083533934,1000000000,20:48:01:05.012,0
V,989,1543681100198867,1000000000,20:48:01:06.011,0
V,990,1543681116877715,1000000000,20:48:01:07.012,0
D,495,1543681116877715,1000000000,20:48:01:07.012,0
V,991,1543681133545287,1000000000,20:48:01:08.012,0
V,992,1543681150210801,1000000000,20:48:01:09.012,0
D,496,1543681150210801,1000000000,20:48:01:09.012,0
V,993,1543681166882400,1000000000,20:48:01:10.012,0
V,994,1543681183541497,1000000000,20:48:01:11.012,0
D,497,1543681183541497,1000000000,20:48:01:11.012,0
V,995,1543681200208987,1000000000,20:48:01:12.012,0
V,996,1543681216876126,1000000000,20:48:01:13.012,0
D,498,1543681216876126,1000000000,20:48:01:13.012,0
V,997,1543681233557474,1000000000,20:48:01:14.013,0
V,998,1543681250212030,1000000000,20:48:01:15.012,0
D,499,1543681250212031,1000000000,20:48:01:15.012,0
V,999,1543681266889421,1000000000,20:48:01:16.013,0
V,1000,1543681283556909,1000000000,20:48:01:17.013,0
D,500,1543681283556908,1000000000,20:48:01:17.013,0
V,1001,1543681300220132,1000000000,20:48:01:18.013,0
V,1002,1543681316893564,1000000000,20:48:01:19.013,0
D,501,1543681316893565,1000000000,20:48:01:19.013,0
V,1003,1543681333561287,1000000000,20:48:01:20.013,0
V,1004,1543681350222135,1000000000,20:48:01:21.013,0
D,502,1543681350222135,1000000000,20:48:01:21.013,0
V,1005,1543681366889541,1000000000,20:48:01:22.013,0
V,1006,1543681383563973,1000000000,20:48:01:23.013,0
D,503,1543681383563973,1000000000,20:48:01:23.013,0
V,1007,1543681400229612,1000000000,20:48:01:24.013,0
V,1008,1543681416888668,1000000000,20:48:01:25.013,0
D,504,1543681416888669,1000000000,20:48:01:25.013,0
V,1009,1543681433555989,1000000000,20:48:01:26.013,0
V,1010,1543681450227547,1000000000,20:48:01:27.013,0
D,505,1543681450227547,1000000000,20:48:01:27.013,0
V,1011,1543681466902396,1000000000,20:48:01:28.014,0
V,1012,1543681483565536,1000000000,20:48:01:29.013,0
D,506,1543681483565536,1000000000,20:48:01:29.013,0
V,1013,1543681500232981,1000000000,20:48:01:30.013,0
V,1014,1543681516896164,1000000000,20:48:01:31.013,0
D,507,1543681516896164,1000000000,20:48:01:31.013,0
V,1015,1543681533568846,1000000000,20:48:01:32.014,0
V,1016,1543681550222527,1000000000,20:48:01:33.013,0
D,508,1543681550222527,1000000000,20:48:01:33.013,0
V,1017,1543681566902124,1000000000,20:48:01:34.014,0
V,1018,1543681583571724,1000000000,20:48:01:35.014,0
D,509,1543681583571723,1000000000,20:48:01:35.014,0
V,1019,1543681600239129,1000000000,20:48:01:36.014,0
V,1020,1543681616897144,1000000000,20:48:01:37.013,0
D,510,1543681616897144,1000000000,20:48:01:37.013,0
V,1021,1543681633569242,1000000000,20:48:01:38.014,0
V,1022,1543681650242757,1000000000,20:48:01:39.014,0
D,511,1543681650242757,1000000000,20:48:01:39.014,0
V,1023,1543681666910245,1000000000,20:48:01:40.014,0
V,1024,1543681683581011,1000000000,20:48:01:41.014,0
D,512,1543681683581011,1000000000,20:48:01:41.014,0
V,1025,1543681700249815,1000000000,20:48:01:42.014,0
V,1026,1543681716917957,1000000000,20:48:01:43.015,0
D,513,1543681716917956,1000000000,20:48:01:43.015,0
V,1027,1543681733585320,1000000000,20:48:01:44.015,0
V,1028,1543681750252917,1000000000,20:48:01:45.015,0
D,514,1543681750252918,1000000000,20:48:01:45.015,0
V,1029,1543681766900641,1000000000,20:48:01:46.014,0
V,1030,1543681783578282,1000000000,20:48:01:47.014,0
D,515,1543681783578281,1000000000,20:48:01:47.014,0
V,1031,1543681800243047,1000000000,20:48:01:48.014,0
V,1032,1543681816922519,1000000000,20:48:01:49.015,0
D,516,1543681816922520,1000000000,20:48:01:49.015,0
V,1033,1543681833589924,1000000000,20:48:01:50.015,0
V,1034,1543681850249314,1000000000,20:48:01:51.014,0
D,517,1543681850249314,1000000000,20:48:01:51.014,0
V,1035,1543681866908579,1000000000,20:48:01:52.014,0
V,1036,1543681883576067,1000000000,20:48:01:53.014,0
D,518,1543681883576066,1000000000,20:48:01:53.014,0
V,1037,1543681900255707,1000000000,20:48:01:54.015,0
V,1038,1543681916909597,1000000000,20:48:01:55.014,0
D,519,1543681916909596,1000000000,20:48:01:55.014,0
V,1039,1543681933580321,1000000000,20:48:01:56.014,0
V,1040,1543681950258418,1000000000,20:48:01:57.015,0
D,520,1543681950258419,1000000000,20:48:01:57.015,0
V,1041,1543681966925865,1000000000,20:48:01:58.015,0
V,1042,1543681983590171,1000000000,20:48:01:59.015,0
D,521,1543681983590171,1000000000,20:48:01:59.015,0
V,1043,1543682000252312,1000000000,20:48:02:00.015,0
V,1044,1543682016925035,1000000000,20:48:02:01.015,0
D,522,1543682016925035,1000000000,20:48:02:01.015,0
V,1045,1543682033592481,1000000000,20:48:02:02.015,0
V,1046,1543682050256872,1000000000,20:48:02:03.015,0
D,523,1543682050256872,1000000000,20:48:02:03.015,0
V,1047,1543682066920011,1000000000,20:48:02:04.015,0
V,1048,1543682083597902,1000000000,20:48:02:05.015,0
D,524,1543682083597901,1000000000,20:48:02:05.015,0
V,1049,1543682100263833,1000000000,20:48:02:06.015,0
V,1050,1543682116929431,1000000000,20:48:02:07.015,0
D,525,1543682116929432,1000000000,20:48:02:07.015,0
V,1051,1543682133596878,1000000000,20:48:02:08.015,0
V,1052,1543682150273310,1000000000,20:48:02:09.016,0
D,526,1543682150273310,1000000000,20:48:02:09.016,0
V,1053,1543682166940450,1000000000,20:48:02:10.016,0
V,1054,1543682183601923,1000000000,20:48:02:11.016,0
D,527,1543682183601922,1000000000,20:48:02:11.016,0
V,1055,1543682200269412,1000000000,20:48:02:12.016,0
V,1056,1543682216925301,1000000000,20:48:02:13.015,0
D,528,1543682216925301,1000000000,20:48:02:13.015,0
V,1057,1543682233591690,1000000000,20:48:02:14.015,0
V,1058,1543682250266040,1000000000,20:48:02:15.015,0
D,529,1543682250266040,1000000000,20:48:02:15.015,0
V,1059,1543682266933361,1000000000,20:48:02:16.016,0
V,1060,1543682283612084,1000000000,20:48:02:17.016,0
D,530,1543682283612085,1000000000,20:48:02:17.016,0
V,1061,1543682300268514,1000000000,20:48:02:18.016,0
V,1062,1543682316943615,1000000000,20:48:02:19.016,0
D,531,1543682316943615,1000000000,20:48:02:19.016,0
V,1063,1543682333601963,1000000000,20:48:02:20.016,0
V,1064,1543682350269367,1000000000,20:48:02:21.016,0
D,532,1543682350269367,1000000000,20:48:02:21.016,0
V,1065,1543682366944215,1000000000,20:48:02:22.016,0
V,1066,1543682383612105,1000000000,20:48:02:23.016,0
D,533,1543682383612106,1000000000,20:48:02:23.016,0
V,1067,1543682400281620,1000000000,20:48:02:24.016,0
V,1068,1543682416949234,1000000000,20:48:02:25.016,0
D,534,1543682416949234,1000000000,20:48:02:25.016,0
V,1069,1543682433621249,1000000000,20:48:02:26.017,0
V,1070,1543682450275223,1000000000,20:48:02:27.016,0
D,535,1543682450275223,1000000000,20:48:02:27.016,0
V,1071,1543682466947862,1000000000,20:48:02:28.016,0
V,1072,1543682483622835,1000000000,20:48:02:29.017,0
D,536,1543682483622835,1000000000,20:48:02:29.017,0
V,1073,1543682500290240,1000000000,20:48:02:30.017,0
V,1074,1543682516945339,1000000000,20:48:02:31.016,0
D,537,1543682516945340,1000000000,20:48:02:31.016,0
V,1075,1543682533620729,1000000000,20:48:02:32.017,0
V,1076,1543682550283577,1000000000,20:48:02:33.017,0
D,538,1543682550283577,1000000000,20:48:02:33.017,0
V,1077,1543682566951066,1000000000,20:48:02:34.017,0
V,1078,1543682583611497,1000000000,20:48:02:35.016,0
D,539,1543682583611497,1000000000,20:48:02:35.016,0
V,1079,1543682600278388,1000000000,20:48:02:36.016,0
V,1080,1543682616952361,1000000000,20:48:02:37.017,0
D,540,1543682616952361,1000000000,20:48:02:37.017,0
V,1081,1543682633632626,1000000000,20:48:02:38.017,0
V,1082,1543682650300030,1000000000,20:48:02:39.018,0
D,541,1543682650300030,1000000000,20:48:02:39.018,0
V,1083,1543682666951961,1000000000,20:48:02:40.017,0
V,1084,1543682683635436,1000000000,20:48:02:41.018,0
D,542,1543682683635436,1000000000,20:48:02:41.018,0
V,1085,1543682700277868,1000000000,20:48:02:42.016,0
V,1086,1543682716965757,1000000000,20:48:02:43.017,0
D,543,1543682716965757,1000000000,20:48:02:43.017,0
V,1087,1543682733633036,1000000000,20:48:02:44.017,0
V,1088,1543682750285510,1000000000,20:48:02:45.017,0
D,544,1543682750285510,1000000000,20:48:02:45.017,0
V,1089,1543682766958025,1000000000,20:48:02:46.017,0
V,1090,1543682783623205,1000000000,20:48:02:47.017,0
D,545,1543682783623205,1000000000,20:48:02:47.017,0
V,1091,1543682800290610,1000000000,20:48:02:48.017,0
V,1092,1543682816959958,1000000000,20:48:02:49.017,0
D,546,1543682816959959,1000000000,20:48:02:49.017,0
V,1093,1543682833641182,1000000000,20:48:02:50.018,0
V,1094,1543682850309906,1000000000,20:48:02:51.018,0
D,547,1543682850309907,1000000000,20:48:02:51.018,0
V,1095,1543682866976130,1000000000,20:48:02:52.018,0
V,1096,1543682883643700,1000000000,20:48:02:53.018,0
D,548,1543682883643700,1000000000,20:48:02:53.018,0
V,1097,1543682900303257,1000000000,20:48:02:54.018,0
V,1098,1543682916963855,1000000000,20:48:02:55.017,0
D,549,1543682916963855,1000000000,20:48:02:55.017,0
V,1099,1543682933639038,1000000000,20:48:02:56.018,0
V,1100,1543682950310137,1000000000,20:48:02:57.018,0
D,550,1543682950310136,1000000000,20:48:02:57.018,0
V,1101,1543682966977540,1000000000,20:48:02:58.018,0
V,1102,1543682983630930,1000000000,20:48:02:59.017,0
D,551,1543682983630930,1000000000,20:48:02:59.017,0
V,1103,1543683000308612,1000000000,20:48:03:00.018,0
V,1104,1543683016983210,1000000000,20:48:03:01.018,0
D,552,1543683016983210,1000000000,20:48:03:01.018,0
V,1105,1543683033650698,1000000000,20:48:03:02.019,0
V,1106,1543683050301839,1000000000,20:48:03:03.018,0
D,553,1543683050301839,1000000000,20:48:03:03.018,0
V,1107,1543683066977103,1000000000,20:48:03:04.018,0
V,1108,1543683083639160,1000000000,20:48:03:05.018,0
D,554,1543683083639161,1000000000,20:48:03:05.018,0
V,1109,1543683100306607,1000000000,20:48:03:06.018,0
V,1110,1543683116977829,1000000000,20:48:03:07.018,0
D,555,1543683116977829,1000000000,20:48:03:07.018,0
V,1111,1543683133656637,1000000000,20:48:03:08.019,0
V,1112,1543683150310860,1000000000,20:48:03:09.018,0
D,556,1543683150310860,1000000000,20:48:03:09.018,0
V,1113,1543683166976583,1000000000,20:48:03:10.018,0
V,1114,1543683183644071,1000000000,20:48:03:11.018,0
D,557,1543683183644071,1000000000,20:48:03:11.018,0
V,1115,1543683200318461,1000000000,20:48:03:12.019,0
V,1116,1543683216979727,1000000000,20:48:03:13.018,0
D,558,1543683216979726,1000000000,20:48:03:13.018,0
V,1117,1543683233662283,1000000000,20:48:03:14.019,0
V,1118,1543683250315004,1000000000,20:48:03:15.018,0
D,559,1543683250315005,1000000000,20:48:03:15.018,0
V,1119,1543683266982494,1000000000,20:48:03:16.018,0
V,1120,1543683283647175,1000000000,20:48:03:17.018,0
D,560,1543683283647175,1000000000,20:48:03:17.018,0
V,1121,1543683300314941,1000000000,20:48:03:18.018,0
V,1122,1543683316999039,1000000000,20:48:03:19.019,0
D,561,1543683316999039,1000000000,20:48:03:19.019,0
V,1123,1543683333666485,1000000000,20:48:03:20.019,0
V,1124,1543683350317792,1000000000,20:48:03:21.019,0
D,562,1543683350317793,1000000000,20:48:03:21.019,0
V,1125,1543683366985140,1000000000,20:48:03:22.019,0
V,1126,1543683383662614,1000000000,20:48:03:23.019,0
D,563,1543683383662614,1000000000,20:48:03:23.019,0
V,1127,1543683400320504,1000000000,20:48:03:24.019,0
V,1128,1543683416987019,1000000000,20:48:03:25.019,0
D,564,1543683416987018,1000000000,20:48:03:25.019,0
V,1129,1543683433654466,1000000000,20:48:03:26.019,0
V,1130,1543683450335606,1000000000,20:48:03:27.020,0
D,565,1543683450335606,1000000000,20:48:03:27.020,0
V,1131,1543683466995953,1000000000,20:48:03:28.019,0
V,1132,1543683483663442,1000000000,20:48:03:29.019,0
D,566,1543683483663442,1000000000,20:48:03:29.019,0
V,1133,1543683500344123,1000000000,20:48:03:30.020,0
V,1134,1543683517002472,1000000000,20:48:03:31.020,0
D,567,1543683517002472,1000000000,20:48:03:31.020,0
V,1135,1543683533668862,1000000000,20:48:03:32.020,0
V,1136,1543683550339627,1000000000,20:48:03:33.020,0
D,568,1543683550339627,1000000000,20:48:03:33.020,0
V,1137,1543683567007031,1000000000,20:48:03:34.020,0
V,1138,1543683583669046,1000000000,20:48:03:35.020,0
D,569,1543683583669047,1000000000,20:48:03:35.020,0
V,1139,1543683600336646,1000000000,20:48:03:36.020,0
V,1140,1543683617012077,1000000000,20:48:03:37.020,0
D,570,1543683617012076,1000000000,20:48:03:37.020,0
V,1141,1543683633679481,1000000000,20:48:03:38.020,0
V,1142,1543683650338870,1000000000,20:48:03:39.020,0
D,571,1543683650338871,1000000000,20:48:03:39.020,0
V,1143,1543683667018387,1000000000,20:48:03:40.021,0
V,1144,1543683683677153,1000000000,20:48:03:41.020,0
D,572,1543683683677152,1000000000,20:48:03:41.020,0
V,1145,1543683700348167,1000000000,20:48:03:42.020,0
V,1146,1543683717015572,1000000000,20:48:03:43.020,0
D,573,1543683717015571,1000000000,20:48:03:43.020,0
V,1147,1543683733673754,1000000000,20:48:03:44.020,0
V,1148,1543683750340226,1000000000,20:48:03:45.020,0
D,574,1543683750340226,1000000000,20:48:03:45.020,0
V,1149,1543683767025367,1000000000,20:48:03:46.021,0
V,1150,1543683783679507,1000000000,20:48:03:47.020,0
D,575,1543683783679508,1000000000,20:48:03:47.020,0
V,1151,1543683800346912,1000000000,20:48:03:48.020,0
V,1152,1543683817014385,1000000000,20:48:03:49.020,0
D,576,1543683817014385,1000000000,20:48:03:49.020,0
V,1153,1543683833694192,1000000000,20:48:03:50.021,0
V,1154,1543683850351416,1000000000,20:48:03:51.021,0
D,577,1543683850351415,1000000000,20:48:03:51.021,0
V,1155,1543683867018778,1000000000,20:48:03:52.021,0
V,1156,1543683883688751,1000000000,20:48:03:53.021,0
D,578,1543683883688751,1000000000,20:48:03:53.021,0
V,1157,1543683900362559,1000000000,20:48:03:54.021,0
V,1158,1543683917021407,1000000000,20:48:03:55.021,0
D,579,1543683917021407,1000000000,20:48:03:55.021,0
V,1159,1543683933688811,1000000000,20:48:03:56.021,0
V,1160,1543683950356909,1000000000,20:48:03:57.021,0
D,580,1543683950356909,1000000000,20:48:03:57.021,0
V,1161,1543683967027673,1000000000,20:48:03:58.021,0
V,1162,1543683983690148,1000000000,20:48:03:59.021,0
D,581,1543683983690148,1000000000,20:48:03:59.021,0
V,1163,1543684000370078,1000000000,20:48:04:00.022,0
V,1164,1543684017037567,1000000000,20:48:04:01.022,0
D,582,1543684017037568,1000000000,20:48:04:01.022,0
V,1165,1543684033697457,1000000000,20:48:04:02.021,0
V,1166,1543684050358515,1000000000,20:48:04:03.021,0
D,583,1543684050358514,1000000000,20:48:04:03.021,0
V,1167,1543684067028904,1000000000,20:48:04:04.021,0
V,1168,1543684083698462,1000000000,20:48:04:05.021,0
D,584,1543684083698461,1000000000,20:48:04:05.021,0
V,1169,1543684100365990,1000000000,20:48:04:06.021,0
V,1170,1543684117036757,1000000000,20:48:04:07.022,0
D,585,1543684117036757,1000000000,20:48:04:07.022,0
V,1171,1543684133693104,1000000000,20:48:04:08.021,0
V,1172,1543684150366870,1000000000,20:48:04:09.022,0
D,586,1543684150366871,1000000000,20:48:04:09.022,0
V,1173,1543684167034231,1000000000,20:48:04:10.022,0
V,1174,1543684183712608,1000000000,20:48:04:11.022,0
D,587,1543684183712608,1000000000,20:48:04:11.022,0
V,1175,1543684200379969,1000000000,20:48:04:12.022,0
V,1176,1543684217031986,1000000000,20:48:04:13.021,0
D,588,1543684217031986,1000000000,20:48:04:13.021,0
V,1177,1543684233712791,1000000000,20:48:04:14.022,0
V,1178,1543684250380237,1000000000,20:48:04:15.022,0
D,589,1543684250380237,1000000000,20:48:04:15.022,0
V,1179,1543684267032918,1000000000,20:48:04:16.021,0
V,1180,1543684283699309,1000000000,20:48:04:17.021,0
D,590,1543684283699309,1000000000,20:48:04:17.021,0
V,1181,1543684300366783,1000000000,20:48:04:18.022,0
V,1182,1543684317044130,1000000000,20:48:04:19.022,0
D,591,1543684317044130,1000000000,20:48:04:19.022,0
V,1183,1543684333711536,1000000000,20:48:04:20.022,0
V,1184,1543684350387759,1000000000,20:48:04:21.023,0
D,592,1543684350387759,1000000000,20:48:04:21.023,0
V,1185,1543684367056440,1000000000,20:48:04:22.023,0
V,1186,1543684383718247,1000000000,20:48:04:23.023,0
D,593,1543684383718247,1000000000,20:48:04:23.023,0
V,1187,1543684400385693,1000000000,20:48:04:24.023,0
V,1188,1543684417054500,1000000000,20:48:04:25.023,0
D,594,1543684417054500,1000000000,20:48:04:25.023,0
V,1189,1543684433718640,1000000000,20:48:04:26.023,0
V,1190,1543684450383863,1000000000,20:48:04:27.023,0
D,595,1543684450383863,1000000000,20:48:04:27.023,0
V,1191,1543684467049838,1000000000,20:48:04:28.022,0
V,1192,1543684483714227,1000000000,20:48:04:29.022,0
D,596,1543684483714227,1000000000,20:48:04:29.022,0
V,1193,1543684500381757,1000000000,20:48:04:30.022,0
V,1194,1543684517051564,1000000000,20:48:04:31.023,0
D,597,1543684517051565,1000000000,20:48:04:31.023,0
V,1195,1543684533728246,1000000000,20:48:04:32.023,0
V,1196,1543684550380469,1000000000,20:48:04:33.022,0
D,598,1543684550380469,1000000000,20:48:04:33.022,0
V,1197,1543684567047875,1000000000,20:48:04:34.022,0
V,1198,1543684583718305,1000000000,20:48:04:35.023,0
D,599,1543684583718306,1000000000,20:48:04:35.023,0
V,1199,1543684600400321,1000000000,20:48:04:36.024,0
V,1200,1543684617060002,1000000000,20:48:04:37.023,0
D,600,1543684617060003,1000000000,20:48:04:37.023,0
V,1201,1543684633727324,1000000000,20:48:04:38.023,0
V,1202,1543684650394172,1000000000,20:48:04:39.023,0
D,601,1543684650394173,1000000000,20:48:04:39.023,0
V,1203,1543684667065354,1000000000,20:48:04:40.023,0
V,1204,1543684683740909,1000000000,20:48:04:41.024,0
D,602,1543684683740910,1000000000,20:48:04:41.024,0
V,1205,1543684700408356,1000000000,20:48:04:42.024,0
V,1206,1543684717062205,1000000000,20:48:04:43.023,0
D,603,1543684717062206,1000000000,20:48:04:43.023,0
V,1207,1543684733724638,1000000000,20:48:04:44.023,0
V,1208,1543684750408861,1000000000,20:48:04:45.024,0
D,604,1543684750408861,1000000000,20:48:04:45.024,0
V,1209,1543684767061749,1000000000,20:48:04:46.023,0
V,1210,1543684783729153,1000000000,20:48:04:47.023,0
D,605,1543684783729153,1000000000,20:48:04:47.023,0
V,1211,1543684800397128,1000000000,20:48:04:48.023,0
V,1212,1543684817079560,1000000000,20:48:04:49.024,0
D,606,1543684817079560,1000000000,20:48:04:49.024,0
V,1213,1543684833733991,1000000000,20:48:04:50.024,0
V,1214,1543684850398256,1000000000,20:48:04:51.023,0
D,607,1543684850398256,1000000000,20:48:04:51.023,0
V,1215,1543684867065702,1000000000,20:48:04:52.023,0
V,1216,1543684883750968,1000000000,20:48:04:53.025,0
D,608,1543684883750968,1000000000,20:48:04:53.025,0
